FY&Q,Discrepancy 1 - SW Comment,Discrepancy 2 - SW Comment,Discrepancy 3 - SW Comment,Comment 1 - Count,Comment 2 - Count,Comment 3 - Count,Total Comments,No Payment Under Client Mapping - Comment Count,SW Mapping Didn't Classify Line - Comment Count,Additional Hours: LEAVE LOADING 17.5% - Under Payment Count - Discrep 1,Vehicle Allowance as OTE - Under Payment Count - Discrep 1,MV ALLOWANCE GC as OTE - Under Payment Count - Discrep 1,Leave Loading - Under Payment Count - Discrep 1,LEAVE LOADING 17.5% - Under Payment Count - Discrep 1,Ordinary - Under Payment Count - Discrep 1,ANNUAL LEAVE LOADING - Under Payment Count - Discrep 1,Staff Training Day - Under Payment Count - Discrep 1,Additional Hours: LEAVE LOADING 17.5% - Over Payment Count - Discrep 1,Vehicle Allowance as OTE - Over Payment Count - Discrep 1,MV ALLOWANCE GC as OTE - Over Payment Count - Discrep 1,Leave Loading - Over Payment Count - Discrep 1,LEAVE LOADING 17.5% - Over Payment Count - Discrep 1,Ordinary - Over Payment Count - Discrep 1,ANNUAL LEAVE LOADING - Over Payment Count - Discrep 1,Staff Training Day - Over Payment Count - Discrep 1,Under Payment Count - Discrep 2,Over Payment Count - Discrep 2,No Super Count - Discrep 2,Client Mapping No Pay Count - Discrep 2,Refer to Discrepancy 1 Count - Discrep 3,Mapping and Payroll issue Count - Discrep 3,Refer to Discrepancy 2 Count - Discrep 3,Comment 3 - in Depth,Under Payment Count - Discrep 3 in Depth,Over Payment Count - Discrep 3 in Depth,No Super Count - Discrep 3 in Depth,Client Mapping No Pay Count - Discrep 3 in Depth
2023_Q1,No Discrepancy / Immaterial,No Discrepancy / Immaterial,No Discrepancy / Immaterial,1,1,1,3,0,0,0,0,0,0,0,0,0,0,0,0,0,0,0,0,0,0,0,0,0,0,0,0,0,N/a,0,0,0,0
2023_Q1,No payment under Client Mapping 66031_A_06/08/2022_MOOG Pay Description: ANNUAL LEAVE LOADING              No payment under Client Mapping 66031_A_03/09/2022_MOOG Pay Description: ANNUAL LEAVE LOADING,No Discrepancy / Immaterial,Refer to Discrepancy 1,1,1,1,3,1,0,0,0,0,0,0,0,1,0,0,0,0,0,0,0,0,0,0,0,0,0,1,0,0,No payment under Client Mapping 66031_A_06/08/2022_MOOG Pay Description: ANNUAL LEAVE LOADING              No payment under Client Mapping 66031_A_03/09/2022_MOOG Pay Description: ANNUAL LEAVE LOADING,0,0,0,2
2023_Q1,No payment under Client Mapping 66837_A_23/07/2022_BLAJ Pay Description: ANNUAL LEAVE LOADING                              No payment under Client Mapping 66837_A_17/09/2022_BLAJ Pay Description: ANNUAL LEAVE LOADING     | No payment under Client Mapping 66837_A_24/09/2022_BLAJ Pay Description: ANNUAL LEAVE LOADING,No Discrepancy / Immaterial,Refer to Discrepancy 1,2,1,1,4,1,0,0,0,0,0,0,0,1,0,0,0,0,0,0,0,0,0,0,0,0,0,1,0,0,No payment under Client Mapping 66837_A_23/07/2022_BLAJ Pay Description: ANNUAL LEAVE LOADING                              No payment under Client Mapping 66837_A_17/09/2022_BLAJ Pay Description: ANNUAL LEAVE LOADING     | No payment under Client Mapping 66837_A_24/09/2022_BLAJ Pay Description: ANNUAL LEAVE LOADING,0,0,0,3
2023_Q1,No payment under Client Mapping 64523_A_23/07/2022_GROA Pay Description: ANNUAL LEAVE LOADING                        No payment under Client Mapping 65304_A_10/09/2022_GROA Pay Description: ANNUAL LEAVE LOADING   | No payment under Client Mapping 65406_A_17/09/2022_GROA Pay Description: ANNUAL LEAVE LOADING,No Discrepancy / Immaterial,Refer to Discrepancy 1,2,1,1,4,1,0,0,0,0,0,0,0,1,0,0,0,0,0,0,0,0,0,0,0,0,0,1,0,0,No payment under Client Mapping 64523_A_23/07/2022_GROA Pay Description: ANNUAL LEAVE LOADING                        No payment under Client Mapping 65304_A_10/09/2022_GROA Pay Description: ANNUAL LEAVE LOADING   | No payment under Client Mapping 65406_A_17/09/2022_GROA Pay Description: ANNUAL LEAVE LOADING,0,0,0,3
2023_Q1,No payment under Client Mapping 64426_A_16/07/2022_GREA Pay Description: ANNUAL LEAVE LOADING,No Discrepancy / Immaterial,Refer to Discrepancy 1,1,1,1,3,1,0,0,0,0,0,0,0,1,0,0,0,0,0,0,0,0,0,0,0,0,0,1,0,0,No payment under Client Mapping 64426_A_16/07/2022_GREA Pay Description: ANNUAL LEAVE LOADING,0,0,0,1
2023_Q1,No payment under Client Mapping 66031_A_02/07/2022_NOWD Pay Description: ANNUAL LEAVE LOADING    No payment under Client Mapping 66031_A_09/07/2022_NOWD Pay Description: ANNUAL LEAVE LOADING   | No payment under Client Mapping 66031_A_16/07/2022_NOWD Pay Description: ANNUAL LEAVE LOADING                       | No payment under Client Mapping 66031_A_24/09/2022_NOWD Pay Description: ANNUAL LEAVE LOADING,No Discrepancy / Immaterial,Refer to Discrepancy 1,3,1,1,5,1,0,0,0,0,0,0,0,1,0,0,0,0,0,0,0,0,0,0,0,0,0,1,0,0,No payment under Client Mapping 66031_A_02/07/2022_NOWD Pay Description: ANNUAL LEAVE LOADING    No payment under Client Mapping 66031_A_09/07/2022_NOWD Pay Description: ANNUAL LEAVE LOADING   | No payment under Client Mapping 66031_A_16/07/2022_NOWD Pay Description: ANNUAL LEAVE LOADING                       | No payment under Client Mapping 66031_A_24/09/2022_NOWD Pay Description: ANNUAL LEAVE LOADING,0,0,0,4
2023_Q1,No payment under Client Mapping 64422_A_16/07/2022_GOWM Pay Description: ANNUAL LEAVE LOADING,No Discrepancy / Immaterial,Refer to Discrepancy 1,1,1,1,3,1,0,0,0,0,0,0,0,1,0,0,0,0,0,0,0,0,0,0,0,0,0,1,0,0,No payment under Client Mapping 64422_A_16/07/2022_GOWM Pay Description: ANNUAL LEAVE LOADING,0,0,0,1
2023_Q1,No payment under Client Mapping 64232_A_02/07/2022_CANS Pay Description: ANNUAL LEAVE LOADING,No Discrepancy / Immaterial,Refer to Discrepancy 1,1,1,1,3,1,0,0,0,0,0,0,0,1,0,0,0,0,0,0,0,0,0,0,0,0,0,1,0,0,No payment under Client Mapping 64232_A_02/07/2022_CANS Pay Description: ANNUAL LEAVE LOADING,0,0,0,1
2023_Q1,No payment under Client Mapping 64229_A_02/07/2022_SHJO Pay Description: ANNUAL LEAVE LOADING,No Discrepancy / Immaterial,Refer to Discrepancy 1,1,1,1,3,1,0,0,0,0,0,0,0,1,0,0,0,0,0,0,0,0,0,0,0,0,0,1,0,0,No payment under Client Mapping 64229_A_02/07/2022_SHJO Pay Description: ANNUAL LEAVE LOADING,0,0,0,1
2023_Q1,No payment under Client Mapping 66841_A_17/09/2022_CHOS Pay Description: ANNUAL LEAVE LOADING    No payment under Client Mapping 66841_A_24/09/2022_CHOS Pay Description: ANNUAL LEAVE LOADING,No Discrepancy / Immaterial,Refer to Discrepancy 1,1,1,1,3,1,0,0,0,0,0,0,0,1,0,0,0,0,0,0,0,0,0,0,0,0,0,1,0,0,No payment under Client Mapping 66841_A_17/09/2022_CHOS Pay Description: ANNUAL LEAVE LOADING    No payment under Client Mapping 66841_A_24/09/2022_CHOS Pay Description: ANNUAL LEAVE LOADING,0,0,0,2
2023_Q1,No payment under Client Mapping 66846_A_16/07/2022_FRAK Pay Description: ANNUAL LEAVE LOADING              No payment under Client Mapping 66846_A_06/08/2022_FRAK Pay Description: ANNUAL LEAVE LOADING,No Discrepancy / Immaterial,Refer to Discrepancy 1,1,1,1,3,1,0,0,0,0,0,0,0,1,0,0,0,0,0,0,0,0,0,0,0,0,0,1,0,0,No payment under Client Mapping 66846_A_16/07/2022_FRAK Pay Description: ANNUAL LEAVE LOADING              No payment under Client Mapping 66846_A_06/08/2022_FRAK Pay Description: ANNUAL LEAVE LOADING,0,0,0,2
2023_Q1,No payment under Client Mapping 64228_A_02/07/2022_NUAG Pay Description: ANNUAL LEAVE LOADING                          No payment under Client Mapping 65409_A_17/09/2022_NUAG Pay Description: ANNUAL LEAVE LOADING    No payment under Client Mapping 65511_A_24/09/2022_NUAG Pay Description: ANNUAL LEAVE LOADING,No Discrepancy / Immaterial,Refer to Discrepancy 1,1,1,1,3,1,0,0,0,0,0,0,0,1,0,0,0,0,0,0,0,0,0,0,0,0,0,1,0,0,No payment under Client Mapping 64228_A_02/07/2022_NUAG Pay Description: ANNUAL LEAVE LOADING                          No payment under Client Mapping 65409_A_17/09/2022_NUAG Pay Description: ANNUAL LEAVE LOADING    No payment under Client Mapping 65511_A_24/09/2022_NUAG Pay Description: ANNUAL LEAVE LOADING,0,0,0,3
2023_Q1,No payment under Client Mapping 65185_A_03/09/2022_COLJ Pay Description: ANNUAL LEAVE LOADING,No Discrepancy / Immaterial,Refer to Discrepancy 1,1,1,1,3,1,0,0,0,0,0,0,0,1,0,0,0,0,0,0,0,0,0,0,0,0,0,1,0,0,No payment under Client Mapping 65185_A_03/09/2022_COLJ Pay Description: ANNUAL LEAVE LOADING,0,0,0,1
2023_Q1,No payment under Client Mapping 64383_A_09/07/2022_SCHC Pay Description: ANNUAL LEAVE LOADING,No Discrepancy / Immaterial,Refer to Discrepancy 1,1,1,1,3,1,0,0,0,0,0,0,0,1,0,0,0,0,0,0,0,0,0,0,0,0,0,1,0,0,No payment under Client Mapping 64383_A_09/07/2022_SCHC Pay Description: ANNUAL LEAVE LOADING,0,0,0,1
2023_Q1,No payment under Client Mapping 65410_A_17/09/2022_CONM Pay Description: ANNUAL LEAVE LOADING,No Discrepancy / Immaterial,Refer to Discrepancy 1,1,1,1,3,1,0,0,0,0,0,0,0,1,0,0,0,0,0,0,0,0,0,0,0,0,0,1,0,0,No payment under Client Mapping 65410_A_17/09/2022_CONM Pay Description: ANNUAL LEAVE LOADING,0,0,0,1
2023_Q1,No payment under Client Mapping 64226_A_02/07/2022_FRAG Pay Description: ANNUAL LEAVE LOADING,No Discrepancy / Immaterial,Refer to Discrepancy 1,1,1,1,3,1,0,0,0,0,0,0,0,1,0,0,0,0,0,0,0,0,0,0,0,0,0,1,0,0,No payment under Client Mapping 64226_A_02/07/2022_FRAG Pay Description: ANNUAL LEAVE LOADING,0,0,0,1
2023_Q1,No payment under Client Mapping 66918_A_23/07/2022_SACL Pay Description: ANNUAL LEAVE LOADING     | No payment under Client Mapping 66918_A_30/07/2022_SACL Pay Description: ANNUAL LEAVE LOADING                     | No payment under Client Mapping 66918_A_17/09/2022_SACL Pay Description: ANNUAL LEAVE LOADING,No Discrepancy / Immaterial,Refer to Discrepancy 1,3,1,1,5,1,0,0,0,0,0,0,0,1,0,0,0,0,0,0,0,0,0,0,0,0,0,1,0,0,No payment under Client Mapping 66918_A_23/07/2022_SACL Pay Description: ANNUAL LEAVE LOADING     | No payment under Client Mapping 66918_A_30/07/2022_SACL Pay Description: ANNUAL LEAVE LOADING                     | No payment under Client Mapping 66918_A_17/09/2022_SACL Pay Description: ANNUAL LEAVE LOADING,0,0,0,3
2023_Q1,No payment under Client Mapping 66855_A_09/07/2022_PEND Pay Description: ANNUAL LEAVE LOADING     | No payment under Client Mapping 66855_A_16/07/2022_PEND Pay Description: ANNUAL LEAVE LOADING,No Discrepancy / Immaterial,Refer to Discrepancy 1,2,1,1,4,1,0,0,0,0,0,0,0,1,0,0,0,0,0,0,0,0,0,0,0,0,0,1,0,0,No payment under Client Mapping 66855_A_09/07/2022_PEND Pay Description: ANNUAL LEAVE LOADING     | No payment under Client Mapping 66855_A_16/07/2022_PEND Pay Description: ANNUAL LEAVE LOADING,0,0,0,2
2023_Q1,"Overpayment, SW Mapping didn't classify 9999_A_31/07/2022_CORG Pay Description: MV ALLOWANCE GC as OTE     | Overpayment, SW Mapping didn't classify 10008_A_31/08/2022_CORG Pay Description: MV ALLOWANCE GC as OTE      Overpayment, SW Mapping didn't classify 10013_A_30/09/2022_CORG Pay Description: MV ALLOWANCE GC as OTE",No Super was paid under pay run unique key: 31/07/2022_CORG | No Super was paid under pay run unique key: 31/08/2022_CORG | No Super was paid under pay run unique key: 30/09/2022_CORG,No Discrepancy / Immaterial,2,3,1,6,0,1,0,0,0,0,0,0,0,0,0,0,1,0,0,0,0,0,0,0,0,0,0,0,0,N/a,0,0,0,0
2023_Q1,No payment under Client Mapping 66899_A_23/07/2022_FLEK Pay Description: ANNUAL LEAVE LOADING,No Discrepancy / Immaterial,Refer to Discrepancy 1,1,1,1,3,1,0,0,0,0,0,0,0,1,0,0,0,0,0,0,0,0,0,0,0,0,0,1,0,0,No payment under Client Mapping 66899_A_23/07/2022_FLEK Pay Description: ANNUAL LEAVE LOADING,0,0,0,1
2023_Q1,No payment under Client Mapping 66914_A_23/07/2022_RIDL Pay Description: ANNUAL LEAVE LOADING,No Discrepancy / Immaterial,Refer to Discrepancy 1,1,1,1,3,1,0,0,0,0,0,0,0,1,0,0,0,0,0,0,0,0,0,0,0,0,0,1,0,0,No payment under Client Mapping 66914_A_23/07/2022_RIDL Pay Description: ANNUAL LEAVE LOADING,0,0,0,1
2023_Q1,No payment under Client Mapping 64778_A_06/08/2022_ELLM Pay Description: ANNUAL LEAVE LOADING,No Discrepancy / Immaterial,Refer to Discrepancy 1,1,1,1,3,1,0,0,0,0,0,0,0,1,0,0,0,0,0,0,0,0,0,0,0,0,0,1,0,0,No payment under Client Mapping 64778_A_06/08/2022_ELLM Pay Description: ANNUAL LEAVE LOADING,0,0,0,1
2023_Q1,No payment under Client Mapping 66872_A_03/09/2022_HANJ Pay Description: ANNUAL LEAVE LOADING,No Discrepancy / Immaterial,Refer to Discrepancy 1,1,1,1,3,1,0,0,0,0,0,0,0,1,0,0,0,0,0,0,0,0,0,0,0,0,0,1,0,0,No payment under Client Mapping 66872_A_03/09/2022_HANJ Pay Description: ANNUAL LEAVE LOADING,0,0,0,1
2023_Q1,No payment under Client Mapping 65546_A_24/09/2022_HEAD Pay Description: ANNUAL LEAVE LOADING,No Discrepancy / Immaterial,Refer to Discrepancy 1,1,1,1,3,1,0,0,0,0,0,0,0,1,0,0,0,0,0,0,0,0,0,0,0,0,0,1,0,0,No payment under Client Mapping 65546_A_24/09/2022_HEAD Pay Description: ANNUAL LEAVE LOADING,0,0,0,1
2023_Q1,No payment under Client Mapping 64337_A_09/07/2022_DONR Pay Description: ANNUAL LEAVE LOADING                             | No payment under Client Mapping 65202_A_03/09/2022_DONR Pay Description: ANNUAL LEAVE LOADING,No Discrepancy / Immaterial,Refer to Discrepancy 1,2,1,1,4,1,0,0,0,0,0,0,0,1,0,0,0,0,0,0,0,0,0,0,0,0,0,1,0,0,No payment under Client Mapping 64337_A_09/07/2022_DONR Pay Description: ANNUAL LEAVE LOADING                             | No payment under Client Mapping 65202_A_03/09/2022_DONR Pay Description: ANNUAL LEAVE LOADING,0,0,0,2
2023_Q1,No payment under Client Mapping 65008_A_20/08/2022_JOCH Pay Description: ANNUAL LEAVE LOADING            No payment under Client Mapping 65305_A_10/09/2022_JOCH Pay Description: ANNUAL LEAVE LOADING      No payment under Client Mapping 65407_A_17/09/2022_JOCH Pay Description: ANNUAL LEAVE LOADING,No Discrepancy / Immaterial,Refer to Discrepancy 1,1,1,1,3,1,0,0,0,0,0,0,0,1,0,0,0,0,0,0,0,0,0,0,0,0,0,1,0,0,No payment under Client Mapping 65008_A_20/08/2022_JOCH Pay Description: ANNUAL LEAVE LOADING            No payment under Client Mapping 65305_A_10/09/2022_JOCH Pay Description: ANNUAL LEAVE LOADING      No payment under Client Mapping 65407_A_17/09/2022_JOCH Pay Description: ANNUAL LEAVE LOADING,0,0,0,3
2023_Q1,No payment under Client Mapping 64653_A_30/07/2022_WATA Pay Description: ANNUAL LEAVE LOADING,No Discrepancy / Immaterial,Refer to Discrepancy 1,1,1,1,3,1,0,0,0,0,0,0,0,1,0,0,0,0,0,0,0,0,0,0,0,0,0,1,0,0,No payment under Client Mapping 64653_A_30/07/2022_WATA Pay Description: ANNUAL LEAVE LOADING,0,0,0,1
2023_Q1,No payment under Client Mapping 65509_A_24/09/2022_ARMS Pay Description: ANNUAL LEAVE LOADING,No Discrepancy / Immaterial,Refer to Discrepancy 1,1,1,1,3,1,0,0,0,0,0,0,0,1,0,0,0,0,0,0,0,0,0,0,0,0,0,1,0,0,No payment under Client Mapping 65509_A_24/09/2022_ARMS Pay Description: ANNUAL LEAVE LOADING,0,0,0,1
2023_Q1,No payment under Client Mapping 64572_A_17/09/2022_MARI Pay Description: ANNUAL LEAVE LOADING,No Discrepancy / Immaterial,Refer to Discrepancy 1,1,1,1,3,1,0,0,0,0,0,0,0,1,0,0,0,0,0,0,0,0,0,0,0,0,0,1,0,0,No payment under Client Mapping 64572_A_17/09/2022_MARI Pay Description: ANNUAL LEAVE LOADING,0,0,0,1
2023_Q1,No payment under Client Mapping 66907_A_03/09/2022_INGP Pay Description: ANNUAL LEAVE LOADING,No Discrepancy / Immaterial,Refer to Discrepancy 1,1,1,1,3,1,0,0,0,0,0,0,0,1,0,0,0,0,0,0,0,0,0,0,0,0,0,1,0,0,No payment under Client Mapping 66907_A_03/09/2022_INGP Pay Description: ANNUAL LEAVE LOADING,0,0,0,1
2023_Q1,No payment under Client Mapping 64230_A_02/07/2022_BARG Pay Description: ANNUAL LEAVE LOADING,No Discrepancy / Immaterial,Refer to Discrepancy 1,1,1,1,3,1,0,0,0,0,0,0,0,1,0,0,0,0,0,0,0,0,0,0,0,0,0,1,0,0,No payment under Client Mapping 64230_A_02/07/2022_BARG Pay Description: ANNUAL LEAVE LOADING,0,0,0,1
2023_Q1,No payment under Client Mapping 64650_A_30/07/2022_JONM Pay Description: ANNUAL LEAVE LOADING      No payment under Client Mapping 64904_A_13/08/2022_JONM Pay Description: ANNUAL LEAVE LOADING   | No payment under Client Mapping 64971_A_20/08/2022_JONM Pay Description: ANNUAL LEAVE LOADING,No Discrepancy / Immaterial,Refer to Discrepancy 1,2,1,1,4,1,0,0,0,0,0,0,0,1,0,0,0,0,0,0,0,0,0,0,0,0,0,1,0,0,No payment under Client Mapping 64650_A_30/07/2022_JONM Pay Description: ANNUAL LEAVE LOADING      No payment under Client Mapping 64904_A_13/08/2022_JONM Pay Description: ANNUAL LEAVE LOADING   | No payment under Client Mapping 64971_A_20/08/2022_JONM Pay Description: ANNUAL LEAVE LOADING,0,0,0,3
2023_Q1,No payment under Client Mapping 66912_A_06/08/2022_MCKK Pay Description: ANNUAL LEAVE LOADING,No Discrepancy / Immaterial,Refer to Discrepancy 1,1,1,1,3,1,0,0,0,0,0,0,0,1,0,0,0,0,0,0,0,0,0,0,0,0,0,1,0,0,No payment under Client Mapping 66912_A_06/08/2022_MCKK Pay Description: ANNUAL LEAVE LOADING,0,0,0,1
2023_Q1,No payment under Client Mapping 64526_A_23/07/2022_WARM Pay Description: ANNUAL LEAVE LOADING    No payment under Client Mapping 64652_A_30/07/2022_WARM Pay Description: ANNUAL LEAVE LOADING                            No payment under Client Mapping 65558_A_24/09/2022_WARM Pay Description: ANNUAL LEAVE LOADING,No Discrepancy / Immaterial,Refer to Discrepancy 1,1,1,1,3,1,0,0,0,0,0,0,0,1,0,0,0,0,0,0,0,0,0,0,0,0,0,1,0,0,No payment under Client Mapping 64526_A_23/07/2022_WARM Pay Description: ANNUAL LEAVE LOADING    No payment under Client Mapping 64652_A_30/07/2022_WARM Pay Description: ANNUAL LEAVE LOADING                            No payment under Client Mapping 65558_A_24/09/2022_WARM Pay Description: ANNUAL LEAVE LOADING,0,0,0,3
2023_Q1,No payment under Client Mapping 64359_A_09/07/2022_HIGA Pay Description: ANNUAL LEAVE LOADING      No payment under Client Mapping 64457_A_16/07/2022_HIGA Pay Description: ANNUAL LEAVE LOADING,No Discrepancy / Immaterial,Refer to Discrepancy 1,1,1,1,3,1,0,0,0,0,0,0,0,1,0,0,0,0,0,0,0,0,0,0,0,0,0,1,0,0,No payment under Client Mapping 64359_A_09/07/2022_HIGA Pay Description: ANNUAL LEAVE LOADING      No payment under Client Mapping 64457_A_16/07/2022_HIGA Pay Description: ANNUAL LEAVE LOADING,0,0,0,2
2023_Q1,No payment under Client Mapping 65512_A_24/09/2022_SZIR Pay Description: ANNUAL LEAVE LOADING,No Discrepancy / Immaterial,Refer to Discrepancy 1,1,1,1,3,1,0,0,0,0,0,0,0,1,0,0,0,0,0,0,0,0,0,0,0,0,0,1,0,0,No payment under Client Mapping 65512_A_24/09/2022_SZIR Pay Description: ANNUAL LEAVE LOADING,0,0,0,1
2023_Q1,No payment under Client Mapping 64231_A_02/07/2022_BEAA Pay Description: ANNUAL LEAVE LOADING    No payment under Client Mapping 64322_A_09/07/2022_BEAA Pay Description: ANNUAL LEAVE LOADING    No payment under Client Mapping 64420_A_16/07/2022_BEAA Pay Description: ANNUAL LEAVE LOADING    No payment under Client Mapping 64521_A_23/07/2022_BEAA Pay Description: ANNUAL LEAVE LOADING    No payment under Client Mapping 64649_A_30/07/2022_BEAA Pay Description: ANNUAL LEAVE LOADING    No payment under Client Mapping 64755_A_06/08/2022_BEAA Pay Description: ANNUAL LEAVE LOADING,No Discrepancy / Immaterial,Refer to Discrepancy 1,1,1,1,3,1,0,0,0,0,0,0,0,1,0,0,0,0,0,0,0,0,0,0,0,0,0,1,0,0,No payment under Client Mapping 64231_A_02/07/2022_BEAA Pay Description: ANNUAL LEAVE LOADING    No payment under Client Mapping 64322_A_09/07/2022_BEAA Pay Description: ANNUAL LEAVE LOADING    No payment under Client Mapping 64420_A_16/07/2022_BEAA Pay Description: ANNUAL LEAVE LOADING    No payment under Client Mapping 64521_A_23/07/2022_BEAA Pay Description: ANNUAL LEAVE LOADING    No payment under Client Mapping 64649_A_30/07/2022_BEAA Pay Description: ANNUAL LEAVE LOADING    No payment under Client Mapping 64755_A_06/08/2022_BEAA Pay Description: ANNUAL LEAVE LOADING,0,0,0,6
2023_Q1,No payment under Client Mapping 65182_A_03/09/2022_BART Pay Description: ANNUAL LEAVE LOADING,No Discrepancy / Immaterial,Refer to Discrepancy 1,1,1,1,3,1,0,0,0,0,0,0,0,1,0,0,0,0,0,0,0,0,0,0,0,0,0,1,0,0,No payment under Client Mapping 65182_A_03/09/2022_BART Pay Description: ANNUAL LEAVE LOADING,0,0,0,1
2023_Q2,No payment under Client Mapping 66868_A_31/12/2022_ELLR Pay Description: ANNUAL LEAVE LOADING,No Discrepancy / Immaterial,Refer to Discrepancy 1,1,1,1,3,1,0,0,0,0,0,0,0,1,0,0,0,0,0,0,0,0,0,0,0,0,0,1,0,0,No payment under Client Mapping 66868_A_31/12/2022_ELLR Pay Description: ANNUAL LEAVE LOADING,0,0,0,1
2023_Q2,No payment under Client Mapping 66855_A_03/12/2022_PEND Pay Description: ANNUAL LEAVE LOADING           | No payment under Client Mapping 66855_A_31/12/2022_PEND Pay Description: ANNUAL LEAVE LOADING,No Discrepancy / Immaterial,Refer to Discrepancy 1,2,1,1,4,1,0,0,0,0,0,0,0,1,0,0,0,0,0,0,0,0,0,0,0,0,0,1,0,0,No payment under Client Mapping 66855_A_03/12/2022_PEND Pay Description: ANNUAL LEAVE LOADING           | No payment under Client Mapping 66855_A_31/12/2022_PEND Pay Description: ANNUAL LEAVE LOADING,0,0,0,2
2023_Q2,No payment under Client Mapping 66852_A_31/12/2022_MCAA Pay Description: ANNUAL LEAVE LOADING,No Discrepancy / Immaterial,Refer to Discrepancy 1,1,1,1,3,1,0,0,0,0,0,0,0,1,0,0,0,0,0,0,0,0,0,0,0,0,0,1,0,0,No payment under Client Mapping 66852_A_31/12/2022_MCAA Pay Description: ANNUAL LEAVE LOADING,0,0,0,1
2023_Q2,No payment under Client Mapping 66869_A_31/12/2022_ELLM Pay Description: ANNUAL LEAVE LOADING,No Discrepancy / Immaterial,Refer to Discrepancy 1,1,1,1,3,1,0,0,0,0,0,0,0,1,0,0,0,0,0,0,0,0,0,0,0,0,0,1,0,0,No payment under Client Mapping 66869_A_31/12/2022_ELLM Pay Description: ANNUAL LEAVE LOADING,0,0,0,1
2023_Q2,No payment under Client Mapping 66850_A_31/12/2022_KOTR Pay Description: ANNUAL LEAVE LOADING,No Discrepancy / Immaterial,Refer to Discrepancy 1,1,1,1,3,1,0,0,0,0,0,0,0,1,0,0,0,0,0,0,0,0,0,0,0,0,0,1,0,0,No payment under Client Mapping 66850_A_31/12/2022_KOTR Pay Description: ANNUAL LEAVE LOADING,0,0,0,1
2023_Q2,No payment under Client Mapping 66899_A_31/12/2022_FLEK Pay Description: ANNUAL LEAVE LOADING,No Discrepancy / Immaterial,Refer to Discrepancy 1,1,1,1,3,1,0,0,0,0,0,0,0,1,0,0,0,0,0,0,0,0,0,0,0,0,0,1,0,0,No payment under Client Mapping 66899_A_31/12/2022_FLEK Pay Description: ANNUAL LEAVE LOADING,0,0,0,1
2023_Q2,No payment under Client Mapping 64572_A_31/12/2022_MARI Pay Description: ANNUAL LEAVE LOADING,No Discrepancy / Immaterial,Refer to Discrepancy 1,1,1,1,3,1,0,0,0,0,0,0,0,1,0,0,0,0,0,0,0,0,0,0,0,0,0,1,0,0,No payment under Client Mapping 64572_A_31/12/2022_MARI Pay Description: ANNUAL LEAVE LOADING,0,0,0,1
2023_Q2,No payment under Client Mapping 66857_A_31/12/2022_PRIM Pay Description: ANNUAL LEAVE LOADING,No Discrepancy / Immaterial,Refer to Discrepancy 1,1,1,1,3,1,0,0,0,0,0,0,0,1,0,0,0,0,0,0,0,0,0,0,0,0,0,1,0,0,No payment under Client Mapping 66857_A_31/12/2022_PRIM Pay Description: ANNUAL LEAVE LOADING,0,0,0,1
2023_Q2,No payment under Client Mapping 66875_A_31/12/2022_JOHB Pay Description: ANNUAL LEAVE LOADING,No Discrepancy / Immaterial,Refer to Discrepancy 1,1,1,1,3,1,0,0,0,0,0,0,0,1,0,0,0,0,0,0,0,0,0,0,0,0,0,1,0,0,No payment under Client Mapping 66875_A_31/12/2022_JOHB Pay Description: ANNUAL LEAVE LOADING,0,0,0,1
2023_Q2,No payment under Client Mapping 66849_A_31/12/2022_JONM Pay Description: ANNUAL LEAVE LOADING,No Discrepancy / Immaterial,Refer to Discrepancy 1,1,1,1,3,1,0,0,0,0,0,0,0,1,0,0,0,0,0,0,0,0,0,0,0,0,0,1,0,0,No payment under Client Mapping 66849_A_31/12/2022_JONM Pay Description: ANNUAL LEAVE LOADING,0,0,0,1
2023_Q2,No payment under Client Mapping 66912_A_31/12/2022_MCKK Pay Description: ANNUAL LEAVE LOADING,No Discrepancy / Immaterial,Refer to Discrepancy 1,1,1,1,3,1,0,0,0,0,0,0,0,1,0,0,0,0,0,0,0,0,0,0,0,0,0,1,0,0,No payment under Client Mapping 66912_A_31/12/2022_MCKK Pay Description: ANNUAL LEAVE LOADING,0,0,0,1
2023_Q2,No payment under Client Mapping 66544_A_03/12/2022_JOCH Pay Description: ANNUAL LEAVE LOADING     | No payment under Client Mapping 66640_A_10/12/2022_JOCH Pay Description: ANNUAL LEAVE LOADING           | No payment under Client Mapping 66875_A_31/12/2022_JOCH Pay Description: ANNUAL LEAVE LOADING,No Discrepancy / Immaterial,Refer to Discrepancy 1,3,1,1,5,1,0,0,0,0,0,0,0,1,0,0,0,0,0,0,0,0,0,0,0,0,0,1,0,0,No payment under Client Mapping 66544_A_03/12/2022_JOCH Pay Description: ANNUAL LEAVE LOADING     | No payment under Client Mapping 66640_A_10/12/2022_JOCH Pay Description: ANNUAL LEAVE LOADING           | No payment under Client Mapping 66875_A_31/12/2022_JOCH Pay Description: ANNUAL LEAVE LOADING,0,0,0,3
2023_Q2,No payment under Client Mapping 65614_A_01/10/2022_NUAG Pay Description: ANNUAL LEAVE LOADING           | No payment under Client Mapping 66030_A_29/10/2022_NUAG Pay Description: ANNUAL LEAVE LOADING    No payment under Client Mapping 66128_A_05/11/2022_NUAG Pay Description: ANNUAL LEAVE LOADING              No payment under Client Mapping 66741_A_17/12/2022_NUAG Pay Description: ANNUAL LEAVE LOADING     | No payment under Client Mapping 66855_A_31/12/2022_NUAG Pay Description: ANNUAL LEAVE LOADING,No Discrepancy / Immaterial,Refer to Discrepancy 1,3,1,1,5,1,0,0,0,0,0,0,0,1,0,0,0,0,0,0,0,0,0,0,0,0,0,1,0,0,No payment under Client Mapping 65614_A_01/10/2022_NUAG Pay Description: ANNUAL LEAVE LOADING           | No payment under Client Mapping 66030_A_29/10/2022_NUAG Pay Description: ANNUAL LEAVE LOADING    No payment under Client Mapping 66128_A_05/11/2022_NUAG Pay Description: ANNUAL LEAVE LOADING              No payment under Client Mapping 66741_A_17/12/2022_NUAG Pay Description: ANNUAL LEAVE LOADING     | No payment under Client Mapping 66855_A_31/12/2022_NUAG Pay Description: ANNUAL LEAVE LOADING,0,0,0,5
2023_Q2,No payment under Client Mapping 66157_A_05/11/2022_HEAD Pay Description: ANNUAL LEAVE LOADING                     | No payment under Client Mapping 66772_A_17/12/2022_HEAD Pay Description: ANNUAL LEAVE LOADING     | No payment under Client Mapping 66873_A_31/12/2022_HEAD Pay Description: ANNUAL LEAVE LOADING,No Discrepancy / Immaterial,Refer to Discrepancy 1,3,1,1,5,1,0,0,0,0,0,0,0,1,0,0,0,0,0,0,0,0,0,0,0,0,0,1,0,0,No payment under Client Mapping 66157_A_05/11/2022_HEAD Pay Description: ANNUAL LEAVE LOADING                     | No payment under Client Mapping 66772_A_17/12/2022_HEAD Pay Description: ANNUAL LEAVE LOADING     | No payment under Client Mapping 66873_A_31/12/2022_HEAD Pay Description: ANNUAL LEAVE LOADING,0,0,0,3
2023_Q2,No payment under Client Mapping 66879_A_31/12/2022_MCCC Pay Description: ANNUAL LEAVE LOADING,No Discrepancy / Immaterial,Refer to Discrepancy 1,1,1,1,3,1,0,0,0,0,0,0,0,1,0,0,0,0,0,0,0,0,0,0,0,0,0,1,0,0,No payment under Client Mapping 66879_A_31/12/2022_MCCC Pay Description: ANNUAL LEAVE LOADING,0,0,0,1
2023_Q2,No payment under Client Mapping 66907_A_31/12/2022_INGP Pay Description: ANNUAL LEAVE LOADING,No Discrepancy / Immaterial,Refer to Discrepancy 1,1,1,1,3,1,0,0,0,0,0,0,0,1,0,0,0,0,0,0,0,0,0,0,0,0,0,1,0,0,No payment under Client Mapping 66907_A_31/12/2022_INGP Pay Description: ANNUAL LEAVE LOADING,0,0,0,1
2023_Q2,No payment under Client Mapping 66846_A_15/10/2022_FRAK Pay Description: ANNUAL LEAVE LOADING                             | No payment under Client Mapping 66846_A_17/12/2022_FRAK Pay Description: ANNUAL LEAVE LOADING,No Discrepancy / Immaterial,Refer to Discrepancy 1,2,1,1,4,1,0,0,0,0,0,0,0,1,0,0,0,0,0,0,0,0,0,0,0,0,0,1,0,0,No payment under Client Mapping 66846_A_15/10/2022_FRAK Pay Description: ANNUAL LEAVE LOADING                             | No payment under Client Mapping 66846_A_17/12/2022_FRAK Pay Description: ANNUAL LEAVE LOADING,0,0,0,2
2023_Q2,No payment under Client Mapping 66127_A_05/11/2022_GOWM Pay Description: ANNUAL LEAVE LOADING      No payment under Client Mapping 66324_A_19/11/2022_GOWM Pay Description: ANNUAL LEAVE LOADING    No payment under Client Mapping 66445_A_26/11/2022_GOWM Pay Description: ANNUAL LEAVE LOADING           | No payment under Client Mapping 66847_A_31/12/2022_GOWM Pay Description: ANNUAL LEAVE LOADING,No Discrepancy / Immaterial,Refer to Discrepancy 1,2,1,1,4,1,0,0,0,0,0,0,0,1,0,0,0,0,0,0,0,0,0,0,0,0,0,1,0,0,No payment under Client Mapping 66127_A_05/11/2022_GOWM Pay Description: ANNUAL LEAVE LOADING      No payment under Client Mapping 66324_A_19/11/2022_GOWM Pay Description: ANNUAL LEAVE LOADING    No payment under Client Mapping 66445_A_26/11/2022_GOWM Pay Description: ANNUAL LEAVE LOADING           | No payment under Client Mapping 66847_A_31/12/2022_GOWM Pay Description: ANNUAL LEAVE LOADING,0,0,0,4
2023_Q2,No payment under Client Mapping 66031_A_01/10/2022_NOWD Pay Description: ANNUAL LEAVE LOADING                             | No payment under Client Mapping 66031_A_31/12/2022_NOWD Pay Description: ANNUAL LEAVE LOADING,No Discrepancy / Immaterial,Refer to Discrepancy 1,2,1,1,4,1,0,0,0,0,0,0,0,1,0,0,0,0,0,0,0,0,0,0,0,0,0,1,0,0,No payment under Client Mapping 66031_A_01/10/2022_NOWD Pay Description: ANNUAL LEAVE LOADING                             | No payment under Client Mapping 66031_A_31/12/2022_NOWD Pay Description: ANNUAL LEAVE LOADING,0,0,0,2
2023_Q2,No payment under Client Mapping 65647_A_01/10/2022_HIGA Pay Description: ANNUAL LEAVE LOADING            No payment under Client Mapping 65935_A_22/10/2022_HIGA Pay Description: ANNUAL LEAVE LOADING                         | No payment under Client Mapping 66578_A_03/12/2022_HIGA Pay Description: ANNUAL LEAVE LOADING      No payment under Client Mapping 66674_A_10/12/2022_HIGA Pay Description: ANNUAL LEAVE LOADING         | No payment under Client Mapping 66874_A_31/12/2022_HIGA Pay Description: ANNUAL LEAVE LOADING,No Discrepancy / Immaterial,Refer to Discrepancy 1,3,1,1,5,1,0,0,0,0,0,0,0,1,0,0,0,0,0,0,0,0,0,0,0,0,0,1,0,0,No payment under Client Mapping 65647_A_01/10/2022_HIGA Pay Description: ANNUAL LEAVE LOADING            No payment under Client Mapping 65935_A_22/10/2022_HIGA Pay Description: ANNUAL LEAVE LOADING                         | No payment under Client Mapping 66578_A_03/12/2022_HIGA Pay Description: ANNUAL LEAVE LOADING      No payment under Client Mapping 66674_A_10/12/2022_HIGA Pay Description: ANNUAL LEAVE LOADING         | No payment under Client Mapping 66874_A_31/12/2022_HIGA Pay Description: ANNUAL LEAVE LOADING,0,0,0,5
2023_Q2,No payment under Client Mapping 66871_A_31/12/2022_GROA Pay Description: ANNUAL LEAVE LOADING,No Discrepancy / Immaterial,Refer to Discrepancy 1,1,1,1,3,1,0,0,0,0,0,0,0,1,0,0,0,0,0,0,0,0,0,0,0,0,0,1,0,0,No payment under Client Mapping 66871_A_31/12/2022_GROA Pay Description: ANNUAL LEAVE LOADING,0,0,0,1
2023_Q2,No payment under Client Mapping 65819_A_15/10/2022_DONR Pay Description: ANNUAL LEAVE LOADING                                        No payment under Client Mapping 66867_A_31/12/2022_DONR Pay Description: ANNUAL LEAVE LOADING,No Discrepancy / Immaterial,Refer to Discrepancy 1,1,1,1,3,1,0,0,0,0,0,0,0,1,0,0,0,0,0,0,0,0,0,0,0,0,0,1,0,0,No payment under Client Mapping 65819_A_15/10/2022_DONR Pay Description: ANNUAL LEAVE LOADING                                        No payment under Client Mapping 66867_A_31/12/2022_DONR Pay Description: ANNUAL LEAVE LOADING,0,0,0,2
2023_Q2,No payment under Client Mapping 66872_A_31/12/2022_HALS Pay Description: ANNUAL LEAVE LOADING,No Discrepancy / Immaterial,Refer to Discrepancy 1,1,1,1,3,1,0,0,0,0,0,0,0,1,0,0,0,0,0,0,0,0,0,0,0,0,0,1,0,0,No payment under Client Mapping 66872_A_31/12/2022_HALS Pay Description: ANNUAL LEAVE LOADING,0,0,0,1
2023_Q2,No payment under Client Mapping 65664_A_01/10/2022_MODJ Pay Description: ANNUAL LEAVE LOADING             | No payment under Client Mapping 65904_A_22/10/2022_MODJ Pay Description: ANNUAL LEAVE LOADING  No payment under Client Mapping 66031_A_29/10/2022_MODJ Pay Description: ANNUAL LEAVE LOADING,No Discrepancy / Immaterial,Refer to Discrepancy 1,2,1,1,4,1,0,0,0,0,0,0,0,1,0,0,0,0,0,0,0,0,0,0,0,0,0,1,0,0,No payment under Client Mapping 65664_A_01/10/2022_MODJ Pay Description: ANNUAL LEAVE LOADING             | No payment under Client Mapping 65904_A_22/10/2022_MODJ Pay Description: ANNUAL LEAVE LOADING  No payment under Client Mapping 66031_A_29/10/2022_MODJ Pay Description: ANNUAL LEAVE LOADING,0,0,0,3
2023_Q2,No payment under Client Mapping 66846_A_31/12/2022_FRAG Pay Description: ANNUAL LEAVE LOADING,No Discrepancy / Immaterial,Refer to Discrepancy 1,1,1,1,3,1,0,0,0,0,0,0,0,1,0,0,0,0,0,0,0,0,0,0,0,0,0,1,0,0,No payment under Client Mapping 66846_A_31/12/2022_FRAG Pay Description: ANNUAL LEAVE LOADING,0,0,0,1
2023_Q2,No payment under Client Mapping 66031_A_31/12/2022_NELK Pay Description: ANNUAL LEAVE LOADING,No Discrepancy / Immaterial,Refer to Discrepancy 1,1,1,1,3,1,0,0,0,0,0,0,0,1,0,0,0,0,0,0,0,0,0,0,0,0,0,1,0,0,No payment under Client Mapping 66031_A_31/12/2022_NELK Pay Description: ANNUAL LEAVE LOADING,0,0,0,1
2023_Q2,No payment under Client Mapping 65706_A_08/10/2022_PURT Pay Description: ANNUAL LEAVE LOADING                     | No payment under Client Mapping 66641_A_10/12/2022_PURT Pay Description: ANNUAL LEAVE LOADING      No payment under Client Mapping 66858_A_31/12/2022_PURT Pay Description: ANNUAL LEAVE LOADING,No Discrepancy / Immaterial,Refer to Discrepancy 1,2,1,1,4,1,0,0,0,0,0,0,0,1,0,0,0,0,0,0,0,0,0,0,0,0,0,1,0,0,No payment under Client Mapping 65706_A_08/10/2022_PURT Pay Description: ANNUAL LEAVE LOADING                     | No payment under Client Mapping 66641_A_10/12/2022_PURT Pay Description: ANNUAL LEAVE LOADING      No payment under Client Mapping 66858_A_31/12/2022_PURT Pay Description: ANNUAL LEAVE LOADING,0,0,0,3
2023_Q2,No payment under Client Mapping 66844_A_31/12/2022_DOKI Pay Description: ANNUAL LEAVE LOADING,No Discrepancy / Immaterial,Refer to Discrepancy 1,1,1,1,3,1,0,0,0,0,0,0,0,1,0,0,0,0,0,0,0,0,0,0,0,0,0,1,0,0,No payment under Client Mapping 66844_A_31/12/2022_DOKI Pay Description: ANNUAL LEAVE LOADING,0,0,0,1
2023_Q2,No payment under Client Mapping 66839_A_31/12/2022_BURD Pay Description: ANNUAL LEAVE LOADING,No Discrepancy / Immaterial,Refer to Discrepancy 1,1,1,1,3,1,0,0,0,0,0,0,0,1,0,0,0,0,0,0,0,0,0,0,0,0,0,1,0,0,No payment under Client Mapping 66839_A_31/12/2022_BURD Pay Description: ANNUAL LEAVE LOADING,0,0,0,1
2023_Q2,No payment under Client Mapping 66862_A_31/12/2022_STES Pay Description: ANNUAL LEAVE LOADING,No Discrepancy / Immaterial,Refer to Discrepancy 1,1,1,1,3,1,0,0,0,0,0,0,0,1,0,0,0,0,0,0,0,0,0,0,0,0,0,1,0,0,No payment under Client Mapping 66862_A_31/12/2022_STES Pay Description: ANNUAL LEAVE LOADING,0,0,0,1
2023_Q2,No payment under Client Mapping 66837_A_17/12/2022_BLAJ Pay Description: ANNUAL LEAVE LOADING     | No payment under Client Mapping 66837_A_31/12/2022_BLAJ Pay Description: ANNUAL LEAVE LOADING,No Discrepancy / Immaterial,Refer to Discrepancy 1,2,1,1,4,1,0,0,0,0,0,0,0,1,0,0,0,0,0,0,0,0,0,0,0,0,0,1,0,0,No payment under Client Mapping 66837_A_17/12/2022_BLAJ Pay Description: ANNUAL LEAVE LOADING     | No payment under Client Mapping 66837_A_31/12/2022_BLAJ Pay Description: ANNUAL LEAVE LOADING,0,0,0,2
2023_Q2,No payment under Client Mapping 65610_A_01/10/2022_BENL Pay Description: ANNUAL LEAVE LOADING                            No payment under Client Mapping 66837_A_31/12/2022_BENL Pay Description: ANNUAL LEAVE LOADING,No Discrepancy / Immaterial,Refer to Discrepancy 1,1,1,1,3,1,0,0,0,0,0,0,0,1,0,0,0,0,0,0,0,0,0,0,0,0,0,1,0,0,No payment under Client Mapping 65610_A_01/10/2022_BENL Pay Description: ANNUAL LEAVE LOADING                            No payment under Client Mapping 66837_A_31/12/2022_BENL Pay Description: ANNUAL LEAVE LOADING,0,0,0,2
2023_Q2,No payment under Client Mapping 66920_A_31/12/2022_SUTJ Pay Description: ANNUAL LEAVE LOADING,No Discrepancy / Immaterial,Refer to Discrepancy 1,1,1,1,3,1,0,0,0,0,0,0,0,1,0,0,0,0,0,0,0,0,0,0,0,0,0,1,0,0,No payment under Client Mapping 66920_A_31/12/2022_SUTJ Pay Description: ANNUAL LEAVE LOADING,0,0,0,1
2023_Q2,No payment under Client Mapping 66548_A_03/12/2022_BEAA Pay Description: ANNUAL LEAVE LOADING         | No payment under Client Mapping 66836_A_31/12/2022_BEAA Pay Description: ANNUAL LEAVE LOADING,No Discrepancy / Immaterial,Refer to Discrepancy 1,2,1,1,4,1,0,0,0,0,0,0,0,1,0,0,0,0,0,0,0,0,0,0,0,0,0,1,0,0,No payment under Client Mapping 66548_A_03/12/2022_BEAA Pay Description: ANNUAL LEAVE LOADING         | No payment under Client Mapping 66836_A_31/12/2022_BEAA Pay Description: ANNUAL LEAVE LOADING,0,0,0,2
2023_Q2,No payment under Client Mapping 66835_A_31/12/2022_BART Pay Description: ANNUAL LEAVE LOADING,No Discrepancy / Immaterial,Refer to Discrepancy 1,1,1,1,3,1,0,0,0,0,0,0,0,1,0,0,0,0,0,0,0,0,0,0,0,0,0,1,0,0,No payment under Client Mapping 66835_A_31/12/2022_BART Pay Description: ANNUAL LEAVE LOADING,0,0,0,1
2023_Q2,No payment under Client Mapping 65616_A_01/10/2022_SZIR Pay Description: ANNUAL LEAVE LOADING                                              No payment under Client Mapping 66737_A_17/12/2022_SZIR Pay Description: ANNUAL LEAVE LOADING     | No payment under Client Mapping 66885_A_31/12/2022_SZIR Pay Description: ANNUAL LEAVE LOADING,No Discrepancy / Immaterial,Refer to Discrepancy 1,2,1,1,4,1,0,0,0,0,0,0,0,1,0,0,0,0,0,0,0,0,0,0,0,0,0,1,0,0,No payment under Client Mapping 65616_A_01/10/2022_SZIR Pay Description: ANNUAL LEAVE LOADING                                              No payment under Client Mapping 66737_A_17/12/2022_SZIR Pay Description: ANNUAL LEAVE LOADING     | No payment under Client Mapping 66885_A_31/12/2022_SZIR Pay Description: ANNUAL LEAVE LOADING,0,0,0,3
2023_Q2,No payment under Client Mapping 66834_A_31/12/2022_BARG Pay Description: ANNUAL LEAVE LOADING,No Discrepancy / Immaterial,Refer to Discrepancy 1,1,1,1,3,1,0,0,0,0,0,0,0,1,0,0,0,0,0,0,0,0,0,0,0,0,0,1,0,0,No payment under Client Mapping 66834_A_31/12/2022_BARG Pay Description: ANNUAL LEAVE LOADING,0,0,0,1
2023_Q2,No payment under Client Mapping 66924_A_31/12/2022_VERR Pay Description: ANNUAL LEAVE LOADING,No Discrepancy / Immaterial,Refer to Discrepancy 1,1,1,1,3,1,0,0,0,0,0,0,0,1,0,0,0,0,0,0,0,0,0,0,0,0,0,1,0,0,No payment under Client Mapping 66924_A_31/12/2022_VERR Pay Description: ANNUAL LEAVE LOADING,0,0,0,1
2023_Q2,No payment under Client Mapping 65609_A_01/10/2022_ARMS Pay Description: ANNUAL LEAVE LOADING          No payment under Client Mapping 66029_A_29/10/2022_ARMS Pay Description: ANNUAL LEAVE LOADING                  No payment under Client Mapping 66833_A_31/12/2022_ARMS Pay Description: ANNUAL LEAVE LOADING,No Discrepancy / Immaterial,Refer to Discrepancy 1,1,1,1,3,1,0,0,0,0,0,0,0,1,0,0,0,0,0,0,0,0,0,0,0,0,0,1,0,0,No payment under Client Mapping 65609_A_01/10/2022_ARMS Pay Description: ANNUAL LEAVE LOADING          No payment under Client Mapping 66029_A_29/10/2022_ARMS Pay Description: ANNUAL LEAVE LOADING                  No payment under Client Mapping 66833_A_31/12/2022_ARMS Pay Description: ANNUAL LEAVE LOADING,0,0,0,3
2023_Q2,No payment under Client Mapping 66197_A_05/11/2022_WARM Pay Description: ANNUAL LEAVE LOADING       | No payment under Client Mapping 66389_A_19/11/2022_WARM Pay Description: ANNUAL LEAVE LOADING                  No payment under Client Mapping 66864_A_31/12/2022_WARM Pay Description: ANNUAL LEAVE LOADING,No Discrepancy / Immaterial,Refer to Discrepancy 1,2,1,1,4,1,0,0,0,0,0,0,0,1,0,0,0,0,0,0,0,0,0,0,0,0,0,1,0,0,No payment under Client Mapping 66197_A_05/11/2022_WARM Pay Description: ANNUAL LEAVE LOADING       | No payment under Client Mapping 66389_A_19/11/2022_WARM Pay Description: ANNUAL LEAVE LOADING                  No payment under Client Mapping 66864_A_31/12/2022_WARM Pay Description: ANNUAL LEAVE LOADING,0,0,0,3
2023_Q2,No payment under Client Mapping 66886_A_31/12/2022_WATA Pay Description: ANNUAL LEAVE LOADING,No Discrepancy / Immaterial,Refer to Discrepancy 1,1,1,1,3,1,0,0,0,0,0,0,0,1,0,0,0,0,0,0,0,0,0,0,0,0,0,1,0,0,No payment under Client Mapping 66886_A_31/12/2022_WATA Pay Description: ANNUAL LEAVE LOADING,0,0,0,1
2023_Q2,No payment under Client Mapping 65707_A_08/10/2022_ZYSL Pay Description: ANNUAL LEAVE LOADING                       | No payment under Client Mapping 66447_A_26/11/2022_ZYSL Pay Description: ANNUAL LEAVE LOADING      No payment under Client Mapping 66644_A_10/12/2022_ZYSL Pay Description: ANNUAL LEAVE LOADING        No payment under Client Mapping 66887_A_31/12/2022_ZYSL Pay Description: ANNUAL LEAVE LOADING,No Discrepancy / Immaterial,Refer to Discrepancy 1,2,1,1,4,1,0,0,0,0,0,0,0,1,0,0,0,0,0,0,0,0,0,0,0,0,0,1,0,0,No payment under Client Mapping 65707_A_08/10/2022_ZYSL Pay Description: ANNUAL LEAVE LOADING                       | No payment under Client Mapping 66447_A_26/11/2022_ZYSL Pay Description: ANNUAL LEAVE LOADING      No payment under Client Mapping 66644_A_10/12/2022_ZYSL Pay Description: ANNUAL LEAVE LOADING        No payment under Client Mapping 66887_A_31/12/2022_ZYSL Pay Description: ANNUAL LEAVE LOADING,0,0,0,4
2023_Q2,No Discrepancy / Immaterial,No Discrepancy / Immaterial,No Discrepancy / Immaterial,1,1,1,3,0,0,0,0,0,0,0,0,0,0,0,0,0,0,0,0,0,0,0,0,0,0,0,0,0,N/a,0,0,0,0
2023_Q2,No payment under Client Mapping 66840_A_31/12/2022_CADD Pay Description: ANNUAL LEAVE LOADING,No Discrepancy / Immaterial,Refer to Discrepancy 1,1,1,1,3,1,0,0,0,0,0,0,0,1,0,0,0,0,0,0,0,0,0,0,0,0,0,1,0,0,No payment under Client Mapping 66840_A_31/12/2022_CADD Pay Description: ANNUAL LEAVE LOADING,0,0,0,1
2023_Q2,No payment under Client Mapping 66883_A_31/12/2022_SICS Pay Description: ANNUAL LEAVE LOADING,No Discrepancy / Immaterial,Refer to Discrepancy 1,1,1,1,3,1,0,0,0,0,0,0,0,1,0,0,0,0,0,0,0,0,0,0,0,0,0,1,0,0,No payment under Client Mapping 66883_A_31/12/2022_SICS Pay Description: ANNUAL LEAVE LOADING,0,0,0,1
2023_Q2,No payment under Client Mapping 66863_A_31/12/2022_STRG Pay Description: ANNUAL LEAVE LOADING,No Discrepancy / Immaterial,Refer to Discrepancy 1,1,1,1,3,1,0,0,0,0,0,0,0,1,0,0,0,0,0,0,0,0,0,0,0,0,0,1,0,0,No payment under Client Mapping 66863_A_31/12/2022_STRG Pay Description: ANNUAL LEAVE LOADING,0,0,0,1
2023_Q2,No payment under Client Mapping 66883_A_31/12/2022_SHUA Pay Description: ANNUAL LEAVE LOADING,No Discrepancy / Immaterial,Refer to Discrepancy 1,1,1,1,3,1,0,0,0,0,0,0,0,1,0,0,0,0,0,0,0,0,0,0,0,0,0,1,0,0,No payment under Client Mapping 66883_A_31/12/2022_SHUA Pay Description: ANNUAL LEAVE LOADING,0,0,0,1
2023_Q2,No payment under Client Mapping 66849_A_10/12/2022_JORT Pay Description: ANNUAL LEAVE LOADING,No Discrepancy / Immaterial,Refer to Discrepancy 1,1,1,1,3,1,0,0,0,0,0,0,0,1,0,0,0,0,0,0,0,0,0,0,0,0,0,1,0,0,No payment under Client Mapping 66849_A_10/12/2022_JORT Pay Description: ANNUAL LEAVE LOADING,0,0,0,1
2023_Q2,No payment under Client Mapping 66914_A_31/12/2022_REAJ Pay Description: ANNUAL LEAVE LOADING,No Discrepancy / Immaterial,Refer to Discrepancy 1,1,1,1,3,1,0,0,0,0,0,0,0,1,0,0,0,0,0,0,0,0,0,0,0,0,0,1,0,0,No payment under Client Mapping 66914_A_31/12/2022_REAJ Pay Description: ANNUAL LEAVE LOADING,0,0,0,1
2023_Q2,No payment under Client Mapping 66914_A_31/12/2022_RIDL Pay Description: ANNUAL LEAVE LOADING,No Discrepancy / Immaterial,Refer to Discrepancy 1,1,1,1,3,1,0,0,0,0,0,0,0,1,0,0,0,0,0,0,0,0,0,0,0,0,0,1,0,0,No payment under Client Mapping 66914_A_31/12/2022_RIDL Pay Description: ANNUAL LEAVE LOADING,0,0,0,1
2023_Q2,"Overpayment, SW Mapping didn't classify 10016_A_31/10/2022_CORG Pay Description: MV ALLOWANCE GC as OTE      Overpayment, SW Mapping didn't classify 10022_A_30/11/2022_CORG Pay Description: MV ALLOWANCE GC as OTE     | Overpayment, SW Mapping didn't classify 10024_A_31/12/2022_CORG Pay Description: MV ALLOWANCE GC as OTE",No Super was paid under pay run unique key: 31/10/2022_CORG | No Super was paid under pay run unique key: 30/11/2022_CORG | No Super was paid under pay run unique key: 31/12/2022_CORG,No Discrepancy / Immaterial,2,3,1,6,0,1,0,0,0,0,0,0,0,0,0,0,1,0,0,0,0,0,0,0,0,0,0,0,0,N/a,0,0,0,0
2023_Q2,No payment under Client Mapping 66743_A_17/12/2022_CONM Pay Description: ANNUAL LEAVE LOADING       | No payment under Client Mapping 66843_A_31/12/2022_CONM Pay Description: ANNUAL LEAVE LOADING,No Discrepancy / Immaterial,Refer to Discrepancy 1,2,1,1,4,1,0,0,0,0,0,0,0,1,0,0,0,0,0,0,0,0,0,0,0,0,0,1,0,0,No payment under Client Mapping 66743_A_17/12/2022_CONM Pay Description: ANNUAL LEAVE LOADING       | No payment under Client Mapping 66843_A_31/12/2022_CONM Pay Description: ANNUAL LEAVE LOADING,0,0,0,2
2023_Q2,No payment under Client Mapping 65612_A_01/10/2022_COLJ Pay Description: ANNUAL LEAVE LOADING                                        No payment under Client Mapping 66842_A_31/12/2022_COLJ Pay Description: ANNUAL LEAVE LOADING,No Discrepancy / Immaterial,Refer to Discrepancy 1,1,1,1,3,1,0,0,0,0,0,0,0,1,0,0,0,0,0,0,0,0,0,0,0,0,0,1,0,0,No payment under Client Mapping 65612_A_01/10/2022_COLJ Pay Description: ANNUAL LEAVE LOADING                                        No payment under Client Mapping 66842_A_31/12/2022_COLJ Pay Description: ANNUAL LEAVE LOADING,0,0,0,2
2023_Q2,No payment under Client Mapping 65615_A_01/10/2022_SCHC Pay Description: ANNUAL LEAVE LOADING                 | No payment under Client Mapping 66325_A_19/11/2022_SCHC Pay Description: ANNUAL LEAVE LOADING             | No payment under Client Mapping 66860_A_31/12/2022_SCHC Pay Description: ANNUAL LEAVE LOADING,No Discrepancy / Immaterial,Refer to Discrepancy 1,3,1,1,5,1,0,0,0,0,0,0,0,1,0,0,0,0,0,0,0,0,0,0,0,0,0,1,0,0,No payment under Client Mapping 65615_A_01/10/2022_SCHC Pay Description: ANNUAL LEAVE LOADING                 | No payment under Client Mapping 66325_A_19/11/2022_SCHC Pay Description: ANNUAL LEAVE LOADING             | No payment under Client Mapping 66860_A_31/12/2022_SCHC Pay Description: ANNUAL LEAVE LOADING,0,0,0,3
2023_Q2,No payment under Client Mapping 66679_A_10/12/2022_KELC Pay Description: ANNUAL LEAVE LOADING       | No payment under Client Mapping 66877_A_31/12/2022_KELC Pay Description: ANNUAL LEAVE LOADING,No Discrepancy / Immaterial,Refer to Discrepancy 1,2,1,1,4,1,0,0,0,0,0,0,0,1,0,0,0,0,0,0,0,0,0,0,0,0,0,1,0,0,No payment under Client Mapping 66679_A_10/12/2022_KELC Pay Description: ANNUAL LEAVE LOADING       | No payment under Client Mapping 66877_A_31/12/2022_KELC Pay Description: ANNUAL LEAVE LOADING,0,0,0,2
2023_Q2,No payment under Client Mapping 66841_A_01/10/2022_CHOS Pay Description: ANNUAL LEAVE LOADING                                    No payment under Client Mapping 66841_A_10/12/2022_CHOS Pay Description: ANNUAL LEAVE LOADING       | No payment under Client Mapping 66841_A_31/12/2022_CHOS Pay Description: ANNUAL LEAVE LOADING,No Discrepancy / Immaterial,Refer to Discrepancy 1,2,1,1,4,1,0,0,0,0,0,0,0,1,0,0,0,0,0,0,0,0,0,0,0,0,0,1,0,0,No payment under Client Mapping 66841_A_01/10/2022_CHOS Pay Description: ANNUAL LEAVE LOADING                                    No payment under Client Mapping 66841_A_10/12/2022_CHOS Pay Description: ANNUAL LEAVE LOADING       | No payment under Client Mapping 66841_A_31/12/2022_CHOS Pay Description: ANNUAL LEAVE LOADING,0,0,0,3
2023_Q2,No payment under Client Mapping 66126_A_05/11/2022_CANS Pay Description: ANNUAL LEAVE LOADING                       | No payment under Client Mapping 66841_A_31/12/2022_CANS Pay Description: ANNUAL LEAVE LOADING,No Discrepancy / Immaterial,Refer to Discrepancy 1,2,1,1,4,1,0,0,0,0,0,0,0,1,0,0,0,0,0,0,0,0,0,0,0,0,0,1,0,0,No payment under Client Mapping 66126_A_05/11/2022_CANS Pay Description: ANNUAL LEAVE LOADING                       | No payment under Client Mapping 66841_A_31/12/2022_CANS Pay Description: ANNUAL LEAVE LOADING,0,0,0,2
2023_Q3,No payment under Client Mapping 66957_A_07/01/2023_STRG Pay Description: ANNUAL LEAVE LOADING        No payment under Client Mapping 67251_A_28/01/2023_STRG Pay Description: ANNUAL LEAVE LOADING,No Discrepancy / Immaterial,Refer to Discrepancy 1,1,1,1,3,1,0,0,0,0,0,0,0,1,0,0,0,0,0,0,0,0,0,0,0,0,0,1,0,0,No payment under Client Mapping 66957_A_07/01/2023_STRG Pay Description: ANNUAL LEAVE LOADING        No payment under Client Mapping 67251_A_28/01/2023_STRG Pay Description: ANNUAL LEAVE LOADING,0,0,0,2
2023_Q3,No payment under Client Mapping 70011_A_07/01/2023_NOWD Pay Description: ANNUAL LEAVE LOADING,No Discrepancy / Immaterial,Refer to Discrepancy 1,1,1,1,3,1,0,0,0,0,0,0,0,1,0,0,0,0,0,0,0,0,0,0,0,0,0,1,0,0,No payment under Client Mapping 70011_A_07/01/2023_NOWD Pay Description: ANNUAL LEAVE LOADING,0,0,0,1
2023_Q3,No payment under Client Mapping 66945_A_07/01/2023_KOTR Pay Description: ANNUAL LEAVE LOADING                     | No payment under Client Mapping 67829_A_11/03/2023_KOTR Pay Description: ANNUAL LEAVE LOADING,No Discrepancy / Immaterial,Refer to Discrepancy 1,2,1,1,4,1,0,0,0,0,0,0,0,1,0,0,0,0,0,0,0,0,0,0,0,0,0,1,0,0,No payment under Client Mapping 66945_A_07/01/2023_KOTR Pay Description: ANNUAL LEAVE LOADING                     | No payment under Client Mapping 67829_A_11/03/2023_KOTR Pay Description: ANNUAL LEAVE LOADING,0,0,0,2
2023_Q3,No payment under Client Mapping 66953_A_07/01/2023_PURT Pay Description: ANNUAL LEAVE LOADING             | No payment under Client Mapping 67422_A_11/02/2023_PURT Pay Description: ANNUAL LEAVE LOADING   | No payment under Client Mapping 67522_A_18/02/2023_PURT Pay Description: ANNUAL LEAVE LOADING,No Discrepancy / Immaterial,Refer to Discrepancy 1,3,1,1,5,1,0,0,0,0,0,0,0,1,0,0,0,0,0,0,0,0,0,0,0,0,0,1,0,0,No payment under Client Mapping 66953_A_07/01/2023_PURT Pay Description: ANNUAL LEAVE LOADING             | No payment under Client Mapping 67422_A_11/02/2023_PURT Pay Description: ANNUAL LEAVE LOADING   | No payment under Client Mapping 67522_A_18/02/2023_PURT Pay Description: ANNUAL LEAVE LOADING,0,0,0,3
2023_Q3,No Discrepancy / Immaterial,No Super was paid under pay run unique key: 31/01/2023_ZISG | No Super was paid under pay run unique key: 28/02/2023_ZISG | No Super was paid under pay run unique key: 31/03/2023_ZISG,Refer to Discrepancy 2 - Client Map Expected / Payroll Paid for more details. Pay run: 31/01/2023_ZISG,1,3,1,5,0,0,0,0,0,0,0,0,0,0,0,0,0,0,0,0,0,0,0,0,0,0,0,0,1,No Super was paid under pay run unique key: 31/01/2023_ZISG | No Super was paid under pay run unique key: 28/02/2023_ZISG | No Super was paid under pay run unique key: 31/03/2023_ZISG,0,0,0,0
2023_Q3,No payment under Client Mapping 70001_A_18/02/2023_LOHJ Pay Description: ANNUAL LEAVE LOADING,No Discrepancy / Immaterial,Refer to Discrepancy 1,1,1,1,3,1,0,0,0,0,0,0,0,1,0,0,0,0,0,0,0,0,0,0,0,0,0,1,0,0,No payment under Client Mapping 70001_A_18/02/2023_LOHJ Pay Description: ANNUAL LEAVE LOADING,0,0,0,1
2023_Q3,No payment under Client Mapping 67019_A_07/01/2023_WATA Pay Description: ANNUAL LEAVE LOADING            No payment under Client Mapping 67275_A_28/01/2023_WATA Pay Description: ANNUAL LEAVE LOADING,No Discrepancy / Immaterial,Refer to Discrepancy 1,1,1,1,3,1,0,0,0,0,0,0,0,1,0,0,0,0,0,0,0,0,0,0,0,0,0,1,0,0,No payment under Client Mapping 67019_A_07/01/2023_WATA Pay Description: ANNUAL LEAVE LOADING            No payment under Client Mapping 67275_A_28/01/2023_WATA Pay Description: ANNUAL LEAVE LOADING,0,0,0,2
2023_Q3,No payment under Client Mapping 70102_A_07/01/2023_PEND Pay Description: ANNUAL LEAVE LOADING           | No payment under Client Mapping 70102_A_28/01/2023_PEND Pay Description: ANNUAL LEAVE LOADING,No Discrepancy / Immaterial,Refer to Discrepancy 1,2,1,1,4,1,0,0,0,0,0,0,0,1,0,0,0,0,0,0,0,0,0,0,0,0,0,1,0,0,No payment under Client Mapping 70102_A_07/01/2023_PEND Pay Description: ANNUAL LEAVE LOADING           | No payment under Client Mapping 70102_A_28/01/2023_PEND Pay Description: ANNUAL LEAVE LOADING,0,0,0,2
2023_Q3,No payment under Client Mapping 70004_A_04/03/2023_MARI Pay Description: ANNUAL LEAVE LOADING,No Discrepancy / Immaterial,Refer to Discrepancy 1,1,1,1,3,1,0,0,0,0,0,0,0,1,0,0,0,0,0,0,0,0,0,0,0,0,0,1,0,0,No payment under Client Mapping 70004_A_04/03/2023_MARI Pay Description: ANNUAL LEAVE LOADING,0,0,0,1
2023_Q3,No payment under Client Mapping 66958_A_07/01/2023_WARM Pay Description: ANNUAL LEAVE LOADING           | No payment under Client Mapping 67253_A_28/01/2023_WARM Pay Description: ANNUAL LEAVE LOADING     | No payment under Client Mapping 67321_A_04/02/2023_WARM Pay Description: ANNUAL LEAVE LOADING,No Discrepancy / Immaterial,Refer to Discrepancy 1,3,1,1,5,1,0,0,0,0,0,0,0,1,0,0,0,0,0,0,0,0,0,0,0,0,0,1,0,0,No payment under Client Mapping 66958_A_07/01/2023_WARM Pay Description: ANNUAL LEAVE LOADING           | No payment under Client Mapping 67253_A_28/01/2023_WARM Pay Description: ANNUAL LEAVE LOADING     | No payment under Client Mapping 67321_A_04/02/2023_WARM Pay Description: ANNUAL LEAVE LOADING,0,0,0,3
2023_Q3,No payment under Client Mapping 70023_A_07/01/2023_SICS Pay Description: ANNUAL LEAVE LOADING,No Discrepancy / Immaterial,Refer to Discrepancy 1,1,1,1,3,1,0,0,0,0,0,0,0,1,0,0,0,0,0,0,0,0,0,0,0,0,0,1,0,0,No payment under Client Mapping 70023_A_07/01/2023_SICS Pay Description: ANNUAL LEAVE LOADING,0,0,0,1
2023_Q3,No payment under Client Mapping 66947_A_07/01/2023_MCAA Pay Description: ANNUAL LEAVE LOADING,No Discrepancy / Immaterial,Refer to Discrepancy 1,1,1,1,3,1,0,0,0,0,0,0,0,1,0,0,0,0,0,0,0,0,0,0,0,0,0,1,0,0,No payment under Client Mapping 66947_A_07/01/2023_MCAA Pay Description: ANNUAL LEAVE LOADING,0,0,0,1
2023_Q3,No payment under Client Mapping 67016_A_07/01/2023_VERR Pay Description: ANNUAL LEAVE LOADING,No Discrepancy / Immaterial,Refer to Discrepancy 1,1,1,1,3,1,0,0,0,0,0,0,0,1,0,0,0,0,0,0,0,0,0,0,0,0,0,1,0,0,No payment under Client Mapping 67016_A_07/01/2023_VERR Pay Description: ANNUAL LEAVE LOADING,0,0,0,1
2023_Q3,No payment under Client Mapping 66952_A_07/01/2023_PRIM Pay Description: ANNUAL LEAVE LOADING                     | No payment under Client Mapping 67831_A_11/03/2023_PRIM Pay Description: ANNUAL LEAVE LOADING,No Discrepancy / Immaterial,Refer to Discrepancy 1,2,1,1,4,1,0,0,0,0,0,0,0,1,0,0,0,0,0,0,0,0,0,0,0,0,0,1,0,0,No payment under Client Mapping 66952_A_07/01/2023_PRIM Pay Description: ANNUAL LEAVE LOADING                     | No payment under Client Mapping 67831_A_11/03/2023_PRIM Pay Description: ANNUAL LEAVE LOADING,0,0,0,2
2023_Q3,No payment under Client Mapping 67305_A_07/01/2023_REAJ Pay Description: ANNUAL LEAVE LOADING,No Discrepancy / Immaterial,Refer to Discrepancy 1,1,1,1,3,1,0,0,0,0,0,0,0,1,0,0,0,0,0,0,0,0,0,0,0,0,0,1,0,0,No payment under Client Mapping 67305_A_07/01/2023_REAJ Pay Description: ANNUAL LEAVE LOADING,0,0,0,1
2023_Q3,No payment under Client Mapping 66998_A_07/01/2023_MCCC Pay Description: ANNUAL LEAVE LOADING                  No payment under Client Mapping 67553_A_18/02/2023_MCCC Pay Description: ANNUAL LEAVE LOADING                     | No payment under Client Mapping 68035_A_25/03/2023_MCCC Pay Description: ANNUAL LEAVE LOADING,No Discrepancy / Immaterial,Refer to Discrepancy 1,2,1,1,4,1,0,0,0,0,0,0,0,1,0,0,0,0,0,0,0,0,0,0,0,0,0,1,0,0,No payment under Client Mapping 66998_A_07/01/2023_MCCC Pay Description: ANNUAL LEAVE LOADING                  No payment under Client Mapping 67553_A_18/02/2023_MCCC Pay Description: ANNUAL LEAVE LOADING                     | No payment under Client Mapping 68035_A_25/03/2023_MCCC Pay Description: ANNUAL LEAVE LOADING,0,0,0,3
2023_Q3,No payment under Client Mapping 67009_A_07/01/2023_SHUA Pay Description: ANNUAL LEAVE LOADING                 | No payment under Client Mapping 67484_A_11/02/2023_SHUA Pay Description: ANNUAL LEAVE LOADING,No Discrepancy / Immaterial,Refer to Discrepancy 1,2,1,1,4,1,0,0,0,0,0,0,0,1,0,0,0,0,0,0,0,0,0,0,0,0,0,1,0,0,No payment under Client Mapping 67009_A_07/01/2023_SHUA Pay Description: ANNUAL LEAVE LOADING                 | No payment under Client Mapping 67484_A_11/02/2023_SHUA Pay Description: ANNUAL LEAVE LOADING,0,0,0,2
2023_Q3,No payment under Client Mapping 67305_A_07/01/2023_RIDL Pay Description: ANNUAL LEAVE LOADING                         | No payment under Client Mapping 67305_A_25/02/2023_RIDL Pay Description: ANNUAL LEAVE LOADING,No Discrepancy / Immaterial,Refer to Discrepancy 1,2,1,1,4,1,0,0,0,0,0,0,0,1,0,0,0,0,0,0,0,0,0,0,0,0,0,1,0,0,No payment under Client Mapping 67305_A_07/01/2023_RIDL Pay Description: ANNUAL LEAVE LOADING                         | No payment under Client Mapping 67305_A_25/02/2023_RIDL Pay Description: ANNUAL LEAVE LOADING,0,0,0,2
2023_Q3,No payment under Client Mapping 66950_A_07/01/2023_NUAG Pay Description: ANNUAL LEAVE LOADING    No payment under Client Mapping 67026_A_14/01/2023_NUAG Pay Description: ANNUAL LEAVE LOADING       | No payment under Client Mapping 67243_A_28/01/2023_NUAG Pay Description: ANNUAL LEAVE LOADING,No Discrepancy / Immaterial,Refer to Discrepancy 1,2,1,1,4,1,0,0,0,0,0,0,0,1,0,0,0,0,0,0,0,0,0,0,0,0,0,1,0,0,No payment under Client Mapping 66950_A_07/01/2023_NUAG Pay Description: ANNUAL LEAVE LOADING    No payment under Client Mapping 67026_A_14/01/2023_NUAG Pay Description: ANNUAL LEAVE LOADING       | No payment under Client Mapping 67243_A_28/01/2023_NUAG Pay Description: ANNUAL LEAVE LOADING,0,0,0,3
2023_Q3,No payment under Client Mapping 70010_A_07/01/2023_NELK Pay Description: ANNUAL LEAVE LOADING              No payment under Client Mapping 70010_A_28/01/2023_NELK Pay Description: ANNUAL LEAVE LOADING,No Discrepancy / Immaterial,Refer to Discrepancy 1,1,1,1,3,1,0,0,0,0,0,0,0,1,0,0,0,0,0,0,0,0,0,0,0,0,0,1,0,0,No payment under Client Mapping 70010_A_07/01/2023_NELK Pay Description: ANNUAL LEAVE LOADING              No payment under Client Mapping 70010_A_28/01/2023_NELK Pay Description: ANNUAL LEAVE LOADING,0,0,0,2
2023_Q3,No payment under Client Mapping 70008_A_07/01/2023_MCKK Pay Description: ANNUAL LEAVE LOADING           | No payment under Client Mapping 70008_A_28/01/2023_MCKK Pay Description: ANNUAL LEAVE LOADING,No Discrepancy / Immaterial,Refer to Discrepancy 1,2,1,1,4,1,0,0,0,0,0,0,0,1,0,0,0,0,0,0,0,0,0,0,0,0,0,1,0,0,No payment under Client Mapping 70008_A_07/01/2023_MCKK Pay Description: ANNUAL LEAVE LOADING           | No payment under Client Mapping 70008_A_28/01/2023_MCKK Pay Description: ANNUAL LEAVE LOADING,0,0,0,2
2023_Q3,No payment under Client Mapping 70026_A_07/01/2023_SUTJ Pay Description: ANNUAL LEAVE LOADING,No Discrepancy / Immaterial,Refer to Discrepancy 1,1,1,1,3,1,0,0,0,0,0,0,0,1,0,0,0,0,0,0,0,0,0,0,0,0,0,1,0,0,No payment under Client Mapping 70026_A_07/01/2023_SUTJ Pay Description: ANNUAL LEAVE LOADING,0,0,0,1
2023_Q3,No payment under Client Mapping 66956_A_07/01/2023_STES Pay Description: ANNUAL LEAVE LOADING                     | No payment under Client Mapping 67523_A_18/02/2023_STES Pay Description: ANNUAL LEAVE LOADING,No Discrepancy / Immaterial,Refer to Discrepancy 1,2,1,1,4,1,0,0,0,0,0,0,0,1,0,0,0,0,0,0,0,0,0,0,0,0,0,1,0,0,No payment under Client Mapping 66956_A_07/01/2023_STES Pay Description: ANNUAL LEAVE LOADING                     | No payment under Client Mapping 67523_A_18/02/2023_STES Pay Description: ANNUAL LEAVE LOADING,0,0,0,2
2023_Q3,No payment under Client Mapping 66954_A_07/01/2023_SCHC Pay Description: ANNUAL LEAVE LOADING    No payment under Client Mapping 67029_A_14/01/2023_SCHC Pay Description: ANNUAL LEAVE LOADING,No Discrepancy / Immaterial,Refer to Discrepancy 1,1,1,1,3,1,0,0,0,0,0,0,0,1,0,0,0,0,0,0,0,0,0,0,0,0,0,1,0,0,No payment under Client Mapping 66954_A_07/01/2023_SCHC Pay Description: ANNUAL LEAVE LOADING    No payment under Client Mapping 67029_A_14/01/2023_SCHC Pay Description: ANNUAL LEAVE LOADING,0,0,0,2
2023_Q3,No payment under Client Mapping 67830_A_11/03/2023_WALJ Pay Description: ANNUAL LEAVE LOADING,No Discrepancy / Immaterial,Refer to Discrepancy 1,1,1,1,3,1,0,0,0,0,0,0,0,1,0,0,0,0,0,0,0,0,0,0,0,0,0,1,0,0,No payment under Client Mapping 67830_A_11/03/2023_WALJ Pay Description: ANNUAL LEAVE LOADING,0,0,0,1
2023_Q3,No payment under Client Mapping 67012_A_07/01/2023_SZIR Pay Description: ANNUAL LEAVE LOADING          No payment under Client Mapping 67273_A_28/01/2023_SZIR Pay Description: ANNUAL LEAVE LOADING,No Discrepancy / Immaterial,Refer to Discrepancy 1,1,1,1,3,1,0,0,0,0,0,0,0,1,0,0,0,0,0,0,0,0,0,0,0,0,0,1,0,0,No payment under Client Mapping 67012_A_07/01/2023_SZIR Pay Description: ANNUAL LEAVE LOADING          No payment under Client Mapping 67273_A_28/01/2023_SZIR Pay Description: ANNUAL LEAVE LOADING,0,0,0,2
2023_Q3,No payment under Client Mapping 66988_A_07/01/2023_HIGA Pay Description: ANNUAL LEAVE LOADING                        No payment under Client Mapping 67547_A_18/02/2023_HIGA Pay Description: ANNUAL LEAVE LOADING,No Discrepancy / Immaterial,Refer to Discrepancy 1,1,1,1,3,1,0,0,0,0,0,0,0,1,0,0,0,0,0,0,0,0,0,0,0,0,0,1,0,0,No payment under Client Mapping 66988_A_07/01/2023_HIGA Pay Description: ANNUAL LEAVE LOADING                        No payment under Client Mapping 67547_A_18/02/2023_HIGA Pay Description: ANNUAL LEAVE LOADING,0,0,0,2
2023_Q3,No payment under Client Mapping 66942_A_07/01/2023_GOWM Pay Description: ANNUAL LEAVE LOADING,No Discrepancy / Immaterial,Refer to Discrepancy 1,1,1,1,3,1,0,0,0,0,0,0,0,1,0,0,0,0,0,0,0,0,0,0,0,0,0,1,0,0,No payment under Client Mapping 66942_A_07/01/2023_GOWM Pay Description: ANNUAL LEAVE LOADING,0,0,0,1
2023_Q3,No payment under Client Mapping 66969_A_07/01/2023_DONR Pay Description: ANNUAL LEAVE LOADING                       | No payment under Client Mapping 67525_A_18/02/2023_DONR Pay Description: ANNUAL LEAVE LOADING,No Discrepancy / Immaterial,Refer to Discrepancy 1,2,1,1,4,1,0,0,0,0,0,0,0,1,0,0,0,0,0,0,0,0,0,0,0,0,0,1,0,0,No payment under Client Mapping 66969_A_07/01/2023_DONR Pay Description: ANNUAL LEAVE LOADING                       | No payment under Client Mapping 67525_A_18/02/2023_DONR Pay Description: ANNUAL LEAVE LOADING,0,0,0,2
2023_Q3,No payment under Client Mapping 70091_A_07/01/2023_BLAJ Pay Description: ANNUAL LEAVE LOADING    No payment under Client Mapping 70091_A_14/01/2023_BLAJ Pay Description: ANNUAL LEAVE LOADING        No payment under Client Mapping 70091_A_28/01/2023_BLAJ Pay Description: ANNUAL LEAVE LOADING,No Discrepancy / Immaterial,Refer to Discrepancy 1,1,1,1,3,1,0,0,0,0,0,0,0,1,0,0,0,0,0,0,0,0,0,0,0,0,0,1,0,0,No payment under Client Mapping 70091_A_07/01/2023_BLAJ Pay Description: ANNUAL LEAVE LOADING    No payment under Client Mapping 70091_A_14/01/2023_BLAJ Pay Description: ANNUAL LEAVE LOADING        No payment under Client Mapping 70091_A_28/01/2023_BLAJ Pay Description: ANNUAL LEAVE LOADING,0,0,0,3
2023_Q3,No payment under Client Mapping 66972_A_07/01/2023_ELLM Pay Description: ANNUAL LEAVE LOADING           | No payment under Client Mapping 67257_A_28/01/2023_ELLM Pay Description: ANNUAL LEAVE LOADING,No Discrepancy / Immaterial,Refer to Discrepancy 1,2,1,1,4,1,0,0,0,0,0,0,0,1,0,0,0,0,0,0,0,0,0,0,0,0,0,1,0,0,No payment under Client Mapping 66972_A_07/01/2023_ELLM Pay Description: ANNUAL LEAVE LOADING           | No payment under Client Mapping 67257_A_28/01/2023_ELLM Pay Description: ANNUAL LEAVE LOADING,0,0,0,2
2023_Q3,No payment under Client Mapping 66934_A_07/01/2023_BURD Pay Description: ANNUAL LEAVE LOADING,No Discrepancy / Immaterial,Refer to Discrepancy 1,1,1,1,3,1,0,0,0,0,0,0,0,1,0,0,0,0,0,0,0,0,0,0,0,0,0,1,0,0,No payment under Client Mapping 66934_A_07/01/2023_BURD Pay Description: ANNUAL LEAVE LOADING,0,0,0,1
2023_Q3,No payment under Client Mapping 69979_A_07/01/2023_FLEK Pay Description: ANNUAL LEAVE LOADING,No Discrepancy / Immaterial,Refer to Discrepancy 1,1,1,1,3,1,0,0,0,0,0,0,0,1,0,0,0,0,0,0,0,0,0,0,0,0,0,1,0,0,No payment under Client Mapping 69979_A_07/01/2023_FLEK Pay Description: ANNUAL LEAVE LOADING,0,0,0,1
2023_Q3,No payment under Client Mapping 66932_A_07/01/2023_BENL Pay Description: ANNUAL LEAVE LOADING,No Discrepancy / Immaterial,Refer to Discrepancy 1,1,1,1,3,1,0,0,0,0,0,0,0,1,0,0,0,0,0,0,0,0,0,0,0,0,0,1,0,0,No payment under Client Mapping 66932_A_07/01/2023_BENL Pay Description: ANNUAL LEAVE LOADING,0,0,0,1
2023_Q3,No payment under Client Mapping 66941_A_07/01/2023_FRAG Pay Description: ANNUAL LEAVE LOADING,No Discrepancy / Immaterial,Refer to Discrepancy 1,1,1,1,3,1,0,0,0,0,0,0,0,1,0,0,0,0,0,0,0,0,0,0,0,0,0,1,0,0,No payment under Client Mapping 66941_A_07/01/2023_FRAG Pay Description: ANNUAL LEAVE LOADING,0,0,0,1
2023_Q3,No payment under Client Mapping 66935_A_07/01/2023_CADD Pay Description: ANNUAL LEAVE LOADING,No Discrepancy / Immaterial,Refer to Discrepancy 1,1,1,1,3,1,0,0,0,0,0,0,0,1,0,0,0,0,0,0,0,0,0,0,0,0,0,1,0,0,No payment under Client Mapping 66935_A_07/01/2023_CADD Pay Description: ANNUAL LEAVE LOADING,0,0,0,1
2023_Q3,No payment under Client Mapping 70097_A_21/01/2023_FRAK Pay Description: ANNUAL LEAVE LOADING    No payment under Client Mapping 70097_A_28/01/2023_FRAK Pay Description: ANNUAL LEAVE LOADING                    No payment under Client Mapping 70097_A_04/03/2023_FRAK Pay Description: ANNUAL LEAVE LOADING,No Discrepancy / Immaterial,Refer to Discrepancy 1,1,1,1,3,1,0,0,0,0,0,0,0,1,0,0,0,0,0,0,0,0,0,0,0,0,0,1,0,0,No payment under Client Mapping 70097_A_21/01/2023_FRAK Pay Description: ANNUAL LEAVE LOADING    No payment under Client Mapping 70097_A_28/01/2023_FRAK Pay Description: ANNUAL LEAVE LOADING                    No payment under Client Mapping 70097_A_04/03/2023_FRAK Pay Description: ANNUAL LEAVE LOADING,0,0,0,3
2023_Q3,No payment under Client Mapping 66938_A_07/01/2023_CONM Pay Description: ANNUAL LEAVE LOADING    No payment under Client Mapping 67024_A_14/01/2023_CONM Pay Description: ANNUAL LEAVE LOADING    No payment under Client Mapping 67125_A_21/01/2023_CONM Pay Description: ANNUAL LEAVE LOADING    No payment under Client Mapping 67231_A_28/01/2023_CONM Pay Description: ANNUAL LEAVE LOADING,No Discrepancy / Immaterial,Refer to Discrepancy 1,1,1,1,3,1,0,0,0,0,0,0,0,1,0,0,0,0,0,0,0,0,0,0,0,0,0,1,0,0,No payment under Client Mapping 66938_A_07/01/2023_CONM Pay Description: ANNUAL LEAVE LOADING    No payment under Client Mapping 67024_A_14/01/2023_CONM Pay Description: ANNUAL LEAVE LOADING    No payment under Client Mapping 67125_A_21/01/2023_CONM Pay Description: ANNUAL LEAVE LOADING    No payment under Client Mapping 67231_A_28/01/2023_CONM Pay Description: ANNUAL LEAVE LOADING,0,0,0,4
2023_Q3,No payment under Client Mapping 66985_A_07/01/2023_GROA Pay Description: ANNUAL LEAVE LOADING,No Discrepancy / Immaterial,Refer to Discrepancy 1,1,1,1,3,1,0,0,0,0,0,0,0,1,0,0,0,0,0,0,0,0,0,0,0,0,0,1,0,0,No payment under Client Mapping 66985_A_07/01/2023_GROA Pay Description: ANNUAL LEAVE LOADING,0,0,0,1
2023_Q3,No payment under Client Mapping 66931_A_07/01/2023_BEAA Pay Description: ANNUAL LEAVE LOADING,No Discrepancy / Immaterial,Refer to Discrepancy 1,1,1,1,3,1,0,0,0,0,0,0,0,1,0,0,0,0,0,0,0,0,0,0,0,0,0,1,0,0,No payment under Client Mapping 66931_A_07/01/2023_BEAA Pay Description: ANNUAL LEAVE LOADING,0,0,0,1
2023_Q3,No payment under Client Mapping 66986_A_07/01/2023_HALS Pay Description: ANNUAL LEAVE LOADING            No payment under Client Mapping 67260_A_28/01/2023_HALS Pay Description: ANNUAL LEAVE LOADING,No Discrepancy / Immaterial,Refer to Discrepancy 1,1,1,1,3,1,0,0,0,0,0,0,0,1,0,0,0,0,0,0,0,0,0,0,0,0,0,1,0,0,No payment under Client Mapping 66986_A_07/01/2023_HALS Pay Description: ANNUAL LEAVE LOADING            No payment under Client Mapping 67260_A_28/01/2023_HALS Pay Description: ANNUAL LEAVE LOADING,0,0,0,2
2023_Q3,No payment under Client Mapping 66939_A_07/01/2023_DOKI Pay Description: ANNUAL LEAVE LOADING,No Discrepancy / Immaterial,Refer to Discrepancy 1,1,1,1,3,1,0,0,0,0,0,0,0,1,0,0,0,0,0,0,0,0,0,0,0,0,0,1,0,0,No payment under Client Mapping 66939_A_07/01/2023_DOKI Pay Description: ANNUAL LEAVE LOADING,0,0,0,1
2023_Q3,No payment under Client Mapping 66930_A_07/01/2023_BART Pay Description: ANNUAL LEAVE LOADING,No Discrepancy / Immaterial,Refer to Discrepancy 1,1,1,1,3,1,0,0,0,0,0,0,0,1,0,0,0,0,0,0,0,0,0,0,0,0,0,1,0,0,No payment under Client Mapping 66930_A_07/01/2023_BART Pay Description: ANNUAL LEAVE LOADING,0,0,0,1
2023_Q3,No payment under Client Mapping 66987_A_07/01/2023_HEAD Pay Description: ANNUAL LEAVE LOADING,No Discrepancy / Immaterial,Refer to Discrepancy 1,1,1,1,3,1,0,0,0,0,0,0,0,1,0,0,0,0,0,0,0,0,0,0,0,0,0,1,0,0,No payment under Client Mapping 66987_A_07/01/2023_HEAD Pay Description: ANNUAL LEAVE LOADING,0,0,0,1
2023_Q3,No payment under Client Mapping 66944_A_07/01/2023_JONM Pay Description: ANNUAL LEAVE LOADING       | No payment under Client Mapping 67121_A_21/01/2023_JONM Pay Description: ANNUAL LEAVE LOADING                      No payment under Client Mapping 68032_A_25/03/2023_JONM Pay Description: ANNUAL LEAVE LOADING,No Discrepancy / Immaterial,Refer to Discrepancy 1,2,1,1,4,1,0,0,0,0,0,0,0,1,0,0,0,0,0,0,0,0,0,0,0,0,0,1,0,0,No payment under Client Mapping 66944_A_07/01/2023_JONM Pay Description: ANNUAL LEAVE LOADING       | No payment under Client Mapping 67121_A_21/01/2023_JONM Pay Description: ANNUAL LEAVE LOADING                      No payment under Client Mapping 68032_A_25/03/2023_JONM Pay Description: ANNUAL LEAVE LOADING,0,0,0,3
2023_Q3,No Discrepancy / Immaterial,No Discrepancy / Immaterial,No Discrepancy / Immaterial,1,1,1,3,0,0,0,0,0,0,0,0,0,0,0,0,0,0,0,0,0,0,0,0,0,0,0,0,0,N/a,0,0,0,0
2023_Q3,No payment under Client Mapping 70094_A_25/03/2023_CHOS Pay Description: ANNUAL LEAVE LOADING,No Discrepancy / Immaterial,Refer to Discrepancy 1,1,1,1,3,1,0,0,0,0,0,0,0,1,0,0,0,0,0,0,0,0,0,0,0,0,0,1,0,0,No payment under Client Mapping 70094_A_25/03/2023_CHOS Pay Description: ANNUAL LEAVE LOADING,0,0,0,1
2023_Q3,No Discrepancy / Immaterial,No Super was paid under pay run unique key: 31/01/2023_JONC | No Super was paid under pay run unique key: 28/02/2023_JONC | No Super was paid under pay run unique key: 31/03/2023_JONC,Refer to Discrepancy 2 - Client Map Expected / Payroll Paid for more details. Pay run: 31/01/2023_JONC,1,3,1,5,0,0,0,0,0,0,0,0,0,0,0,0,0,0,0,0,0,0,0,0,0,0,0,0,1,No Super was paid under pay run unique key: 31/01/2023_JONC | No Super was paid under pay run unique key: 28/02/2023_JONC | No Super was paid under pay run unique key: 31/03/2023_JONC,0,0,0,0
2023_Q3,"Overpayment, SW Mapping didn't classify 10028_A_31/01/2023_CORG Pay Description: MV ALLOWANCE GC as OTE       | Overpayment, SW Mapping didn't classify 10033_A_28/02/2023_CORG Pay Description: MV ALLOWANCE GC as OTE     | Overpayment, SW Mapping didn't classify 10037_A_31/03/2023_CORG Pay Description: MV ALLOWANCE GC as OTE",No Super was paid under pay run unique key: 31/01/2023_CORG | No Super was paid under pay run unique key: 28/02/2023_CORG | No Super was paid under pay run unique key: 31/03/2023_CORG,Mapping and Payroll issue with pay run: 31/01/2023_CORG refer to Discrepancy 1 and 2 for more details,3,3,1,7,0,1,0,0,0,0,0,0,0,0,0,0,1,0,0,0,0,0,0,0,0,0,0,1,0,Mapping and Payroll issue with pay run: 31/01/2023_CORG refer to Discrepancy 1 and 2 for more details,0,0,0,0
2023_Q3,No payment under Client Mapping 66929_A_07/01/2023_BARG Pay Description: ANNUAL LEAVE LOADING                         | No payment under Client Mapping 68033_A_25/03/2023_BARG Pay Description: ANNUAL LEAVE LOADING,No Discrepancy / Immaterial,Refer to Discrepancy 1,2,1,1,4,1,0,0,0,0,0,0,0,1,0,0,0,0,0,0,0,0,0,0,0,0,0,1,0,0,No payment under Client Mapping 66929_A_07/01/2023_BARG Pay Description: ANNUAL LEAVE LOADING                         | No payment under Client Mapping 68033_A_25/03/2023_BARG Pay Description: ANNUAL LEAVE LOADING,0,0,0,2
2023_Q3,No payment under Client Mapping 69996_A_07/01/2023_JOHB Pay Description: ANNUAL LEAVE LOADING,No Discrepancy / Immaterial,Refer to Discrepancy 1,1,1,1,3,1,0,0,0,0,0,0,0,1,0,0,0,0,0,0,0,0,0,0,0,0,0,1,0,0,No payment under Client Mapping 69996_A_07/01/2023_JOHB Pay Description: ANNUAL LEAVE LOADING,0,0,0,1
2023_Q3,No payment under Client Mapping 66991_A_07/01/2023_JOCH Pay Description: ANNUAL LEAVE LOADING       | No payment under Client Mapping 67122_A_21/01/2023_JOCH Pay Description: ANNUAL LEAVE LOADING,No Discrepancy / Immaterial,Refer to Discrepancy 1,2,1,1,4,1,0,0,0,0,0,0,0,1,0,0,0,0,0,0,0,0,0,0,0,0,0,1,0,0,No payment under Client Mapping 66991_A_07/01/2023_JOCH Pay Description: ANNUAL LEAVE LOADING       | No payment under Client Mapping 67122_A_21/01/2023_JOCH Pay Description: ANNUAL LEAVE LOADING,0,0,0,2
2023_Q3,No payment under Client Mapping 66936_A_07/01/2023_CANS Pay Description: ANNUAL LEAVE LOADING,No Discrepancy / Immaterial,Refer to Discrepancy 1,1,1,1,3,1,0,0,0,0,0,0,0,1,0,0,0,0,0,0,0,0,0,0,0,0,0,1,0,0,No payment under Client Mapping 66936_A_07/01/2023_CANS Pay Description: ANNUAL LEAVE LOADING,0,0,0,1
2023_Q3,No payment under Client Mapping 69992_A_07/01/2023_INGP Pay Description: ANNUAL LEAVE LOADING           | No payment under Client Mapping 69992_A_28/01/2023_INGP Pay Description: ANNUAL LEAVE LOADING                       | No payment under Client Mapping 69992_A_11/03/2023_INGP Pay Description: ANNUAL LEAVE LOADING     | No payment under Client Mapping 69992_A_18/03/2023_INGP Pay Description: ANNUAL LEAVE LOADING,No Discrepancy / Immaterial,Refer to Discrepancy 1,4,1,1,6,1,0,0,0,0,0,0,0,1,0,0,0,0,0,0,0,0,0,0,0,0,0,1,0,0,No payment under Client Mapping 69992_A_07/01/2023_INGP Pay Description: ANNUAL LEAVE LOADING           | No payment under Client Mapping 69992_A_28/01/2023_INGP Pay Description: ANNUAL LEAVE LOADING                       | No payment under Client Mapping 69992_A_11/03/2023_INGP Pay Description: ANNUAL LEAVE LOADING     | No payment under Client Mapping 69992_A_18/03/2023_INGP Pay Description: ANNUAL LEAVE LOADING,0,0,0,4
2023_Q3,No payment under Client Mapping 67021_A_07/01/2023_ZYSL Pay Description: ANNUAL LEAVE LOADING          No payment under Client Mapping 67276_A_28/01/2023_ZYSL Pay Description: ANNUAL LEAVE LOADING            No payment under Client Mapping 67524_A_18/02/2023_ZYSL Pay Description: ANNUAL LEAVE LOADING,No Discrepancy / Immaterial,Refer to Discrepancy 1,1,1,1,3,1,0,0,0,0,0,0,0,1,0,0,0,0,0,0,0,0,0,0,0,0,0,1,0,0,No payment under Client Mapping 67021_A_07/01/2023_ZYSL Pay Description: ANNUAL LEAVE LOADING          No payment under Client Mapping 67276_A_28/01/2023_ZYSL Pay Description: ANNUAL LEAVE LOADING            No payment under Client Mapping 67524_A_18/02/2023_ZYSL Pay Description: ANNUAL LEAVE LOADING,0,0,0,3
2023_Q3,No Discrepancy / Immaterial,No Super was paid under pay run unique key: 31/01/2023_CANP | No Super was paid under pay run unique key: 28/02/2023_CANP | No Super was paid under pay run unique key: 31/03/2023_CANP,Refer to Discrepancy 2 - Client Map Expected / Payroll Paid for more details. Pay run: 31/01/2023_CANP,1,3,1,5,0,0,0,0,0,0,0,0,0,0,0,0,0,0,0,0,0,0,0,0,0,0,0,0,1,No Super was paid under pay run unique key: 31/01/2023_CANP | No Super was paid under pay run unique key: 28/02/2023_CANP | No Super was paid under pay run unique key: 31/03/2023_CANP,0,0,0,0
2023_Q3,No payment under Client Mapping 66928_A_07/01/2023_ARMS Pay Description: ANNUAL LEAVE LOADING        No payment under Client Mapping 67221_A_28/01/2023_ARMS Pay Description: ANNUAL LEAVE LOADING,No Discrepancy / Immaterial,Refer to Discrepancy 1,1,1,1,3,1,0,0,0,0,0,0,0,1,0,0,0,0,0,0,0,0,0,0,0,0,0,1,0,0,No payment under Client Mapping 66928_A_07/01/2023_ARMS Pay Description: ANNUAL LEAVE LOADING        No payment under Client Mapping 67221_A_28/01/2023_ARMS Pay Description: ANNUAL LEAVE LOADING,0,0,0,2
2023_Q4,No payment under Client Mapping 69232_A_27/05/2023_SHUA Pay Description: ANNUAL LEAVE LOADING          No payment under Client Mapping 69729_A_17/06/2023_SHUA Pay Description: ANNUAL LEAVE LOADING    No payment under Client Mapping 70023_A_24/06/2023_SHUA Pay Description: ANNUAL LEAVE LOADING,No Discrepancy / Immaterial,Refer to Discrepancy 1,1,1,1,3,1,0,0,0,0,0,0,0,1,0,0,0,0,0,0,0,0,0,0,0,0,0,1,0,0,No payment under Client Mapping 69232_A_27/05/2023_SHUA Pay Description: ANNUAL LEAVE LOADING          No payment under Client Mapping 69729_A_17/06/2023_SHUA Pay Description: ANNUAL LEAVE LOADING    No payment under Client Mapping 70023_A_24/06/2023_SHUA Pay Description: ANNUAL LEAVE LOADING,0,0,0,3
2023_Q4,No payment under Client Mapping 68822_A_13/05/2023_SCHC Pay Description: ANNUAL LEAVE LOADING,No Discrepancy / Immaterial,Refer to Discrepancy 1,1,1,1,3,1,0,0,0,0,0,0,0,1,0,0,0,0,0,0,0,0,0,0,0,0,0,1,0,0,No payment under Client Mapping 68822_A_13/05/2023_SCHC Pay Description: ANNUAL LEAVE LOADING,0,0,0,1
2023_Q4,No payment under Client Mapping 70023_A_03/06/2023_SICS Pay Description: ANNUAL LEAVE LOADING     | No payment under Client Mapping 70023_A_10/06/2023_SICS Pay Description: ANNUAL LEAVE LOADING,No Discrepancy / Immaterial,Refer to Discrepancy 1,2,1,1,4,1,0,0,0,0,0,0,0,1,0,0,0,0,0,0,0,0,0,0,0,0,0,1,0,0,No payment under Client Mapping 70023_A_03/06/2023_SICS Pay Description: ANNUAL LEAVE LOADING     | No payment under Client Mapping 70023_A_10/06/2023_SICS Pay Description: ANNUAL LEAVE LOADING,0,0,0,2
2023_Q4,No payment under Client Mapping 68315_A_08/04/2023_JONM Pay Description: ANNUAL LEAVE LOADING                                No payment under Client Mapping 70043_A_24/06/2023_JONM Pay Description: ANNUAL LEAVE LOADING,No Discrepancy / Immaterial,Refer to Discrepancy 1,1,1,1,3,1,0,0,0,0,0,0,0,1,0,0,0,0,0,0,0,0,0,0,0,0,0,1,0,0,No payment under Client Mapping 68315_A_08/04/2023_JONM Pay Description: ANNUAL LEAVE LOADING                                No payment under Client Mapping 70043_A_24/06/2023_JONM Pay Description: ANNUAL LEAVE LOADING,0,0,0,2
2023_Q4,No payment under Client Mapping 68610_A_29/04/2023_BENL Pay Description: ANNUAL LEAVE LOADING,No Discrepancy / Immaterial,Refer to Discrepancy 1,1,1,1,3,1,0,0,0,0,0,0,0,1,0,0,0,0,0,0,0,0,0,0,0,0,0,1,0,0,No payment under Client Mapping 68610_A_29/04/2023_BENL Pay Description: ANNUAL LEAVE LOADING,0,0,0,1
2023_Q4,No payment under Client Mapping 68477_A_22/04/2023_STRG Pay Description: ANNUAL LEAVE LOADING,No Discrepancy / Immaterial,Refer to Discrepancy 1,1,1,1,3,1,0,0,0,0,0,0,0,1,0,0,0,0,0,0,0,0,0,0,0,0,0,1,0,0,No payment under Client Mapping 68477_A_22/04/2023_STRG Pay Description: ANNUAL LEAVE LOADING,0,0,0,1
2023_Q4,No payment under Client Mapping 68475_A_22/04/2023_BEAA Pay Description: ANNUAL LEAVE LOADING,No Discrepancy / Immaterial,Refer to Discrepancy 1,1,1,1,3,1,0,0,0,0,0,0,0,1,0,0,0,0,0,0,0,0,0,0,0,0,0,1,0,0,No payment under Client Mapping 68475_A_22/04/2023_BEAA Pay Description: ANNUAL LEAVE LOADING,0,0,0,1
2023_Q4,No payment under Client Mapping 68265_A_08/04/2023_ARMS Pay Description: ANNUAL LEAVE LOADING     | No payment under Client Mapping 68371_A_15/04/2023_ARMS Pay Description: ANNUAL LEAVE LOADING,No Discrepancy / Immaterial,Refer to Discrepancy 1,2,1,1,4,1,0,0,0,0,0,0,0,1,0,0,0,0,0,0,0,0,0,0,0,0,0,1,0,0,No payment under Client Mapping 68265_A_08/04/2023_ARMS Pay Description: ANNUAL LEAVE LOADING     | No payment under Client Mapping 68371_A_15/04/2023_ARMS Pay Description: ANNUAL LEAVE LOADING,0,0,0,2
2023_Q4,No payment under Client Mapping 68460_A_15/04/2023_SZIR Pay Description: ANNUAL LEAVE LOADING                              No payment under Client Mapping 69419_A_03/06/2023_SZIR Pay Description: ANNUAL LEAVE LOADING,No Discrepancy / Immaterial,Refer to Discrepancy 1,1,1,1,3,1,0,0,0,0,0,0,0,1,0,0,0,0,0,0,0,0,0,0,0,0,0,1,0,0,No payment under Client Mapping 68460_A_15/04/2023_SZIR Pay Description: ANNUAL LEAVE LOADING                              No payment under Client Mapping 69419_A_03/06/2023_SZIR Pay Description: ANNUAL LEAVE LOADING,0,0,0,2
2023_Q4,No payment under Client Mapping 68811_A_06/05/2023_WALJ Pay Description: ANNUAL LEAVE LOADING,No Discrepancy / Immaterial,Refer to Discrepancy 1,1,1,1,3,1,0,0,0,0,0,0,0,1,0,0,0,0,0,0,0,0,0,0,0,0,0,1,0,0,No payment under Client Mapping 68811_A_06/05/2023_WALJ Pay Description: ANNUAL LEAVE LOADING,0,0,0,1
2023_Q4,No payment under Client Mapping 68665_A_29/04/2023_WATA Pay Description: ANNUAL LEAVE LOADING          No payment under Client Mapping 68825_A_13/05/2023_WATA Pay Description: ANNUAL LEAVE LOADING                      No payment under Client Mapping 70036_A_24/06/2023_WATA Pay Description: ANNUAL LEAVE LOADING,No Discrepancy / Immaterial,Refer to Discrepancy 1,1,1,1,3,1,0,0,0,0,0,0,0,1,0,0,0,0,0,0,0,0,0,0,0,0,0,1,0,0,No payment under Client Mapping 68665_A_29/04/2023_WATA Pay Description: ANNUAL LEAVE LOADING          No payment under Client Mapping 68825_A_13/05/2023_WATA Pay Description: ANNUAL LEAVE LOADING                      No payment under Client Mapping 70036_A_24/06/2023_WATA Pay Description: ANNUAL LEAVE LOADING,0,0,0,3
2023_Q4,No Discrepancy / Immaterial,No Discrepancy / Immaterial,No Discrepancy / Immaterial,1,1,1,3,0,0,0,0,0,0,0,0,0,0,0,0,0,0,0,0,0,0,0,0,0,0,0,0,0,N/a,0,0,0,0
2023_Q4,No payment under Client Mapping 70091_A_29/04/2023_BLAJ Pay Description: ANNUAL LEAVE LOADING,No Discrepancy / Immaterial,Refer to Discrepancy 1,1,1,1,3,1,0,0,0,0,0,0,0,1,0,0,0,0,0,0,0,0,0,0,0,0,0,1,0,0,No payment under Client Mapping 70091_A_29/04/2023_BLAJ Pay Description: ANNUAL LEAVE LOADING,0,0,0,1
2023_Q4,No payment under Client Mapping 70094_A_08/04/2023_CHOS Pay Description: ANNUAL LEAVE LOADING,No Discrepancy / Immaterial,Refer to Discrepancy 1,1,1,1,3,1,0,0,0,0,0,0,0,1,0,0,0,0,0,0,0,0,0,0,0,0,0,1,0,0,No payment under Client Mapping 70094_A_08/04/2023_CHOS Pay Description: ANNUAL LEAVE LOADING,0,0,0,1
2023_Q4,No payment under Client Mapping 68995_A_20/05/2023_CONM Pay Description: ANNUAL LEAVE LOADING,No Discrepancy / Immaterial,Refer to Discrepancy 1,1,1,1,3,1,0,0,0,0,0,0,0,1,0,0,0,0,0,0,0,0,0,0,0,0,0,1,0,0,No payment under Client Mapping 68995_A_20/05/2023_CONM Pay Description: ANNUAL LEAVE LOADING,0,0,0,1
2023_Q4,No payment under Client Mapping 67305_A_10/06/2023_RIDL Pay Description: ANNUAL LEAVE LOADING,No Discrepancy / Immaterial,Refer to Discrepancy 1,1,1,1,3,1,0,0,0,0,0,0,0,1,0,0,0,0,0,0,0,0,0,0,0,0,0,1,0,0,No payment under Client Mapping 67305_A_10/06/2023_RIDL Pay Description: ANNUAL LEAVE LOADING,0,0,0,1
2023_Q4,No payment under Client Mapping 68624_A_29/04/2023_KOTR Pay Description: ANNUAL LEAVE LOADING              No payment under Client Mapping 69430_A_03/06/2023_KOTR Pay Description: ANNUAL LEAVE LOADING,No Discrepancy / Immaterial,Refer to Discrepancy 1,1,1,1,3,1,0,0,0,0,0,0,0,1,0,0,0,0,0,0,0,0,0,0,0,0,0,1,0,0,No payment under Client Mapping 68624_A_29/04/2023_KOTR Pay Description: ANNUAL LEAVE LOADING              No payment under Client Mapping 69430_A_03/06/2023_KOTR Pay Description: ANNUAL LEAVE LOADING,0,0,0,2
2023_Q4,No payment under Client Mapping 69512_A_10/06/2023_MANI Pay Description: ANNUAL LEAVE LOADING     | No payment under Client Mapping 69710_A_17/06/2023_MANI Pay Description: ANNUAL LEAVE LOADING,No Discrepancy / Immaterial,Refer to Discrepancy 1,2,1,1,4,1,0,0,0,0,0,0,0,1,0,0,0,0,0,0,0,0,0,0,0,0,0,1,0,0,No payment under Client Mapping 69512_A_10/06/2023_MANI Pay Description: ANNUAL LEAVE LOADING     | No payment under Client Mapping 69710_A_17/06/2023_MANI Pay Description: ANNUAL LEAVE LOADING,0,0,0,2
2023_Q4,No payment under Client Mapping 69996_A_13/05/2023_JOHB Pay Description: ANNUAL LEAVE LOADING                No payment under Client Mapping 69996_A_10/06/2023_JOHB Pay Description: ANNUAL LEAVE LOADING   | No payment under Client Mapping 69996_A_17/06/2023_JOHB Pay Description: ANNUAL LEAVE LOADING,No Discrepancy / Immaterial,Refer to Discrepancy 1,2,1,1,4,1,0,0,0,0,0,0,0,1,0,0,0,0,0,0,0,0,0,0,0,0,0,1,0,0,No payment under Client Mapping 69996_A_13/05/2023_JOHB Pay Description: ANNUAL LEAVE LOADING                No payment under Client Mapping 69996_A_10/06/2023_JOHB Pay Description: ANNUAL LEAVE LOADING   | No payment under Client Mapping 69996_A_17/06/2023_JOHB Pay Description: ANNUAL LEAVE LOADING,0,0,0,3
2023_Q4,No payment under Client Mapping 68650_A_29/04/2023_JOCH Pay Description: ANNUAL LEAVE LOADING,No Discrepancy / Immaterial,Refer to Discrepancy 1,1,1,1,3,1,0,0,0,0,0,0,0,1,0,0,0,0,0,0,0,0,0,0,0,0,0,1,0,0,No payment under Client Mapping 68650_A_29/04/2023_JOCH Pay Description: ANNUAL LEAVE LOADING,0,0,0,1
2023_Q4,No payment under Client Mapping 69992_A_29/04/2023_INGP Pay Description: ANNUAL LEAVE LOADING                No payment under Client Mapping 69992_A_27/05/2023_INGP Pay Description: ANNUAL LEAVE LOADING,No Discrepancy / Immaterial,Refer to Discrepancy 1,1,1,1,3,1,0,0,0,0,0,0,0,1,0,0,0,0,0,0,0,0,0,0,0,0,0,1,0,0,No payment under Client Mapping 69992_A_29/04/2023_INGP Pay Description: ANNUAL LEAVE LOADING                No payment under Client Mapping 69992_A_27/05/2023_INGP Pay Description: ANNUAL LEAVE LOADING,0,0,0,2
2023_Q4,No payment under Client Mapping 68647_A_29/04/2023_HEAD Pay Description: ANNUAL LEAVE LOADING                      No payment under Client Mapping 69592_A_10/06/2023_HEAD Pay Description: ANNUAL LEAVE LOADING,No Discrepancy / Immaterial,Refer to Discrepancy 1,1,1,1,3,1,0,0,0,0,0,0,0,1,0,0,0,0,0,0,0,0,0,0,0,0,0,1,0,0,No payment under Client Mapping 68647_A_29/04/2023_HEAD Pay Description: ANNUAL LEAVE LOADING                      No payment under Client Mapping 69592_A_10/06/2023_HEAD Pay Description: ANNUAL LEAVE LOADING,0,0,0,2
2023_Q4,No payment under Client Mapping 69672_A_17/06/2023_COLJ Pay Description: ANNUAL LEAVE LOADING    No payment under Client Mapping 70042_A_24/06/2023_COLJ Pay Description: ANNUAL LEAVE LOADING,No Discrepancy / Immaterial,Refer to Discrepancy 1,1,1,1,3,1,0,0,0,0,0,0,0,1,0,0,0,0,0,0,0,0,0,0,0,0,0,1,0,0,No payment under Client Mapping 69672_A_17/06/2023_COLJ Pay Description: ANNUAL LEAVE LOADING    No payment under Client Mapping 70042_A_24/06/2023_COLJ Pay Description: ANNUAL LEAVE LOADING,0,0,0,2
2023_Q4,No payment under Client Mapping 68646_A_29/04/2023_HALS Pay Description: ANNUAL LEAVE LOADING,No Discrepancy / Immaterial,Refer to Discrepancy 1,1,1,1,3,1,0,0,0,0,0,0,0,1,0,0,0,0,0,0,0,0,0,0,0,0,0,1,0,0,No payment under Client Mapping 68646_A_29/04/2023_HALS Pay Description: ANNUAL LEAVE LOADING,0,0,0,1
2023_Q4,No payment under Client Mapping 68754_A_06/05/2023_GROA Pay Description: ANNUAL LEAVE LOADING       | No payment under Client Mapping 68827_A_13/05/2023_GROA Pay Description: ANNUAL LEAVE LOADING,No Discrepancy / Immaterial,Refer to Discrepancy 1,2,1,1,4,1,0,0,0,0,0,0,0,1,0,0,0,0,0,0,0,0,0,0,0,0,0,1,0,0,No payment under Client Mapping 68754_A_06/05/2023_GROA Pay Description: ANNUAL LEAVE LOADING       | No payment under Client Mapping 68827_A_13/05/2023_GROA Pay Description: ANNUAL LEAVE LOADING,0,0,0,2
2023_Q4,No payment under Client Mapping 68134_A_01/04/2023_GOWM Pay Description: ANNUAL LEAVE LOADING,No Discrepancy / Immaterial,Refer to Discrepancy 1,1,1,1,3,1,0,0,0,0,0,0,0,1,0,0,0,0,0,0,0,0,0,0,0,0,0,1,0,0,No payment under Client Mapping 68134_A_01/04/2023_GOWM Pay Description: ANNUAL LEAVE LOADING,0,0,0,1
2023_Q4,No payment under Client Mapping 68133_A_01/04/2023_FRAG Pay Description: ANNUAL LEAVE LOADING   | No payment under Client Mapping 68293_A_08/04/2023_FRAG Pay Description: ANNUAL LEAVE LOADING,No Discrepancy / Immaterial,Refer to Discrepancy 1,2,1,1,4,1,0,0,0,0,0,0,0,1,0,0,0,0,0,0,0,0,0,0,0,0,0,1,0,0,No payment under Client Mapping 68133_A_01/04/2023_FRAG Pay Description: ANNUAL LEAVE LOADING   | No payment under Client Mapping 68293_A_08/04/2023_FRAG Pay Description: ANNUAL LEAVE LOADING,0,0,0,2
2023_Q4,No payment under Client Mapping 70008_A_17/06/2023_MCKK Pay Description: ANNUAL LEAVE LOADING     | No payment under Client Mapping 70008_A_24/06/2023_MCKK Pay Description: ANNUAL LEAVE LOADING,No Discrepancy / Immaterial,Refer to Discrepancy 1,2,1,1,4,1,0,0,0,0,0,0,0,1,0,0,0,0,0,0,0,0,0,0,0,0,0,1,0,0,No payment under Client Mapping 70008_A_17/06/2023_MCKK Pay Description: ANNUAL LEAVE LOADING     | No payment under Client Mapping 70008_A_24/06/2023_MCKK Pay Description: ANNUAL LEAVE LOADING,0,0,0,2
2023_Q4,No payment under Client Mapping 68643_A_29/04/2023_ELLM Pay Description: ANNUAL LEAVE LOADING,No Discrepancy / Immaterial,Refer to Discrepancy 1,1,1,1,3,1,0,0,0,0,0,0,0,1,0,0,0,0,0,0,0,0,0,0,0,0,0,1,0,0,No payment under Client Mapping 68643_A_29/04/2023_ELLM Pay Description: ANNUAL LEAVE LOADING,0,0,0,1
2023_Q4,No payment under Client Mapping 68423_A_15/04/2023_KELC Pay Description: ANNUAL LEAVE LOADING      No payment under Client Mapping 68519_A_22/04/2023_KELC Pay Description: ANNUAL LEAVE LOADING                         | No payment under Client Mapping 69555_A_10/06/2023_KELC Pay Description: ANNUAL LEAVE LOADING,No Discrepancy / Immaterial,Refer to Discrepancy 1,2,1,1,4,1,0,0,0,0,0,0,0,1,0,0,0,0,0,0,0,0,0,0,0,0,0,1,0,0,No payment under Client Mapping 68423_A_15/04/2023_KELC Pay Description: ANNUAL LEAVE LOADING      No payment under Client Mapping 68519_A_22/04/2023_KELC Pay Description: ANNUAL LEAVE LOADING                         | No payment under Client Mapping 69555_A_10/06/2023_KELC Pay Description: ANNUAL LEAVE LOADING,0,0,0,3
2023_Q4,"Overpayment, SW Mapping didn't classify 10040_A_30/04/2023_CORG Pay Description: MV ALLOWANCE GC as OTE      Overpayment, SW Mapping didn't classify 10044_A_31/05/2023_CORG Pay Description: MV ALLOWANCE GC as OTE      Overpayment, SW Mapping didn't classify 10048_A_30/06/2023_CORG Pay Description: MV ALLOWANCE GC as OTE",No Super was paid under pay run unique key: 30/04/2023_CORG | No Super was paid under pay run unique key: 31/05/2023_CORG | No Super was paid under pay run unique key: 30/06/2023_CORG,No Discrepancy / Immaterial,1,3,1,5,0,1,0,0,0,0,0,0,0,0,0,0,1,0,0,0,0,0,0,0,0,0,0,0,0,N/a,0,0,0,0
2023_Q4,No payment under Client Mapping 69979_A_24/06/2023_FLEK Pay Description: ANNUAL LEAVE LOADING,No Discrepancy / Immaterial,Refer to Discrepancy 1,1,1,1,3,1,0,0,0,0,0,0,0,1,0,0,0,0,0,0,0,0,0,0,0,0,0,1,0,0,No payment under Client Mapping 69979_A_24/06/2023_FLEK Pay Description: ANNUAL LEAVE LOADING,0,0,0,1
2023_Q4,No payment under Client Mapping 67305_A_03/06/2023_REAJ Pay Description: ANNUAL LEAVE LOADING,No Discrepancy / Immaterial,Refer to Discrepancy 1,1,1,1,3,1,0,0,0,0,0,0,0,1,0,0,0,0,0,0,0,0,0,0,0,0,0,1,0,0,No payment under Client Mapping 67305_A_03/06/2023_REAJ Pay Description: ANNUAL LEAVE LOADING,0,0,0,1
2023_Q4,No payment under Client Mapping 68210_A_01/04/2023_ZYSL Pay Description: ANNUAL LEAVE LOADING                                        No payment under Client Mapping 69746_A_17/06/2023_ZYSL Pay Description: ANNUAL LEAVE LOADING,No Discrepancy / Immaterial,Refer to Discrepancy 1,1,1,1,3,1,0,0,0,0,0,0,0,1,0,0,0,0,0,0,0,0,0,0,0,0,0,1,0,0,No payment under Client Mapping 68210_A_01/04/2023_ZYSL Pay Description: ANNUAL LEAVE LOADING                                        No payment under Client Mapping 69746_A_17/06/2023_ZYSL Pay Description: ANNUAL LEAVE LOADING,0,0,0,2
2023_Q4,No payment under Client Mapping 68821_A_13/05/2023_PURT Pay Description: ANNUAL LEAVE LOADING    No payment under Client Mapping 68996_A_20/05/2023_PURT Pay Description: ANNUAL LEAVE LOADING,No Discrepancy / Immaterial,Refer to Discrepancy 1,1,1,1,3,1,0,0,0,0,0,0,0,1,0,0,0,0,0,0,0,0,0,0,0,0,0,1,0,0,No payment under Client Mapping 68821_A_13/05/2023_PURT Pay Description: ANNUAL LEAVE LOADING    No payment under Client Mapping 68996_A_20/05/2023_PURT Pay Description: ANNUAL LEAVE LOADING,0,0,0,2
2023_Q4,No payment under Client Mapping 70102_A_29/04/2023_PEND Pay Description: ANNUAL LEAVE LOADING,No Discrepancy / Immaterial,Refer to Discrepancy 1,1,1,1,3,1,0,0,0,0,0,0,0,1,0,0,0,0,0,0,0,0,0,0,0,0,0,1,0,0,No payment under Client Mapping 70102_A_29/04/2023_PEND Pay Description: ANNUAL LEAVE LOADING,0,0,0,1
2024_Q1,"Overpayment, SW Mapping didn't classify 10053_A_31/07/2023_CORG Pay Description: MV ALLOWANCE GC as OTE      Overpayment, SW Mapping didn't classify 10057_A_31/08/2023_CORG Pay Description: MV ALLOWANCE GC as OTE     | Overpayment, SW Mapping didn't classify 10061_A_30/09/2023_CORG Pay Description: MV ALLOWANCE GC as OTE",No Super was paid under pay run unique key: 31/07/2023_CORG | No Super was paid under pay run unique key: 31/08/2023_CORG | No Super was paid under pay run unique key: 30/09/2023_CORG,No Discrepancy / Immaterial,2,3,1,6,0,1,0,0,0,0,0,0,0,0,0,0,1,0,0,0,0,0,0,0,0,0,0,0,0,N/a,0,0,0,0
2024_Q1,No Discrepancy / Immaterial,No Discrepancy / Immaterial,No Discrepancy / Immaterial,1,1,1,3,0,0,0,0,0,0,0,0,0,0,0,0,0,0,0,0,0,0,0,0,0,0,0,0,0,N/a,0,0,0,0
2024_Q2,No Discrepancy / Immaterial,No Discrepancy / Immaterial,No Discrepancy / Immaterial,1,1,1,3,0,0,0,0,0,0,0,0,0,0,0,0,0,0,0,0,0,0,0,0,0,0,0,0,0,N/a,0,0,0,0
2024_Q2,"Overpayment, SW Mapping didn't classify 10065_A_31/10/2023_CORG Pay Description: MV ALLOWANCE GC as OTE      Overpayment, SW Mapping didn't classify 10068_A_30/11/2023_CORG Pay Description: MV ALLOWANCE GC as OTE     | Overpayment, SW Mapping didn't classify 10074_A_31/12/2023_CORG Pay Description: MV ALLOWANCE GC as OTE",No Super was paid under pay run unique key: 31/10/2023_CORG | No Super was paid under pay run unique key: 30/11/2023_CORG | No Super was paid under pay run unique key: 31/12/2023_CORG,No Discrepancy / Immaterial,2,3,1,6,0,1,0,0,0,0,0,0,0,0,0,0,1,0,0,0,0,0,0,0,0,0,0,0,0,N/a,0,0,0,0
2024_Q3,No Discrepancy / Immaterial,No Super was paid under pay run unique key: 31/01/2024_ZISG | No Super was paid under pay run unique key: 19/02/2024_ZISG | No Super was paid under pay run unique key: 29/02/2024_ZISG | No Super was paid under pay run unique key: 31/03/2024_ZISG,Refer to Discrepancy 2 - Client Map Expected / Payroll Paid for more details. Pay run: 31/01/2024_ZISG,1,4,1,6,0,0,0,0,0,0,0,0,0,0,0,0,0,0,0,0,0,0,0,0,0,0,0,0,1,No Super was paid under pay run unique key: 31/01/2024_ZISG | No Super was paid under pay run unique key: 19/02/2024_ZISG | No Super was paid under pay run unique key: 29/02/2024_ZISG | No Super was paid under pay run unique key: 31/03/2024_ZISG,0,0,0,0
2024_Q3,No Discrepancy / Immaterial,No Super was paid under pay run unique key: 31/01/2024_JONC | No Super was paid under pay run unique key: 19/02/2024_JONC | No Super was paid under pay run unique key: 29/02/2024_JONC,Refer to Discrepancy 2 - Client Map Expected / Payroll Paid for more details. Pay run: 31/01/2024_JONC,1,3,1,5,0,0,0,0,0,0,0,0,0,0,0,0,0,0,0,0,0,0,0,0,0,0,0,0,1,No Super was paid under pay run unique key: 31/01/2024_JONC | No Super was paid under pay run unique key: 19/02/2024_JONC | No Super was paid under pay run unique key: 29/02/2024_JONC,0,0,0,0
2024_Q3,No Discrepancy / Immaterial,No Discrepancy / Immaterial,No Discrepancy / Immaterial,1,1,1,3,0,0,0,0,0,0,0,0,0,0,0,0,0,0,0,0,0,0,0,0,0,0,0,0,0,N/a,0,0,0,0
2024_Q3,"Overpayment, SW Mapping didn't classify 10076_A_31/01/2024_CORG Pay Description: MV ALLOWANCE GC as OTE       | Overpayment, SW Mapping didn't classify 10081_A_29/02/2024_CORG Pay Description: MV ALLOWANCE GC as OTE     | Overpayment, SW Mapping didn't classify 10092_A_31/03/2024_CORG Pay Description: MV ALLOWANCE GC as OTE",No Super was paid under pay run unique key: 31/01/2024_CORG | No Super was paid under pay run unique key: 29/02/2024_CORG | No Super was paid under pay run unique key: 31/03/2024_CORG,Mapping and Payroll issue with pay run: 31/01/2024_CORG refer to Discrepancy 1 and 2 for more details,3,3,1,7,0,1,0,0,0,0,0,0,0,0,0,0,1,0,0,0,0,0,0,0,0,0,0,1,0,Mapping and Payroll issue with pay run: 31/01/2024_CORG refer to Discrepancy 1 and 2 for more details,0,0,0,0
2024_Q3,No Discrepancy / Immaterial,No Super was paid under pay run unique key: 31/01/2024_CANP | No Super was paid under pay run unique key: 29/02/2024_CANP | No Super was paid under pay run unique key: 31/03/2024_CANP,Refer to Discrepancy 2 - Client Map Expected / Payroll Paid for more details. Pay run: 31/01/2024_CANP,1,3,1,5,0,0,0,0,0,0,0,0,0,0,0,0,0,0,0,0,0,0,0,0,0,0,0,0,1,No Super was paid under pay run unique key: 31/01/2024_CANP | No Super was paid under pay run unique key: 29/02/2024_CANP | No Super was paid under pay run unique key: 31/03/2024_CANP,0,0,0,0
2024_Q4,"Overpayment, SW Mapping didn't classify 10097_A_30/04/2024_CORG Pay Description: MV ALLOWANCE GC as OTE     | Overpayment, SW Mapping didn't classify 10104_A_31/05/2024_CORG Pay Description: MV ALLOWANCE GC as OTE    Overpayment, SW Mapping didn't classify 10107_A_30/06/2024_CORG Pay Description: MV ALLOWANCE GC as OTE",No Super was paid under pay run unique key: 30/04/2024_CORG | No Super was paid under pay run unique key: 31/05/2024_CORG | No Super was paid under pay run unique key: 30/06/2024_CORG,No Discrepancy / Immaterial,2,3,1,6,0,1,0,0,0,0,0,0,0,0,0,0,1,0,0,0,0,0,0,0,0,0,0,0,0,N/a,0,0,0,0
2024_Q4,No Discrepancy / Immaterial,No Discrepancy / Immaterial,No Discrepancy / Immaterial,1,1,1,3,0,0,0,0,0,0,0,0,0,0,0,0,0,0,0,0,0,0,0,0,0,0,0,0,0,N/a,0,0,0,0
2025_Q1,No Discrepancy / Immaterial,No Discrepancy / Immaterial,No Discrepancy / Immaterial,1,1,1,3,0,0,0,0,0,0,0,0,0,0,0,0,0,0,0,0,0,0,0,0,0,0,0,0,0,N/a,0,0,0,0
2025_Q2,No Discrepancy / Immaterial,No Discrepancy / Immaterial,No Discrepancy / Immaterial,1,1,1,3,0,0,0,0,0,0,0,0,0,0,0,0,0,0,0,0,0,0,0,0,0,0,0,0,0,N/a,0,0,0,0
2025_Q3,No Discrepancy / Immaterial,No Discrepancy / Immaterial,No Discrepancy / Immaterial,1,1,1,3,0,0,0,0,0,0,0,0,0,0,0,0,0,0,0,0,0,0,0,0,0,0,0,0,0,N/a,0,0,0,0
2025_Q4,No Discrepancy / Immaterial,No Discrepancy / Immaterial,No Discrepancy / Immaterial,1,1,1,3,0,0,0,0,0,0,0,0,0,0,0,0,0,0,0,0,0,0,0,0,0,0,0,0,0,N/a,0,0,0,0
